[2m18:26:41[22m [34m[content][39m Syncing content
[2m18:26:42[22m [34m[content][39m Synced content
[2m18:26:42[22m [34m[types][39m Generated [2m3.45s[22m
[2m18:26:45[22m [34m[build][39m Waiting for integration [1m"@astrojs/vercel"[22m, hook [1m"astro:build:start"[22m...
[2m18:26:55[22m [34m[build][39m output: [34m"server"[39m
[2m18:26:55[22m [34m[build][39m mode: [34m"server"[39m
[2m18:26:55[22m [34m[build][39m directory: [34mC:\Users\HP\Documents\projetos pessoais\projeto alpha code\dist\[39m
[2m18:26:55[22m [34m[build][39m adapter: [32m@astrojs/vercel[39m
[2m18:26:55[22m [34m[build][39m Collecting build info...
[2m18:26:55[22m [34m[build][39m [32mÔ£ô Completed in 17.07s.[39m
[2m18:27:00[22m [34m[build][39m Building server entrypoints...
[33m[1m18:27:19[22m [WARN] [vite][39m 
/assets/solar_energy_ms_agro_hero.png referenced in /assets/solar_energy_ms_agro_hero.png didn't resolve at build time, it will remain unchanged to be resolved at runtime
[2m18:27:43[22m [34m[vite][39m [32mÔ£ô built in 42.58s[39m
[2m18:27:43[22m [34m[build][39m [32mÔ£ô Completed in 42.85s.[39m

[42m[30m building client (vite) [39m[49m
[2m18:27:44[22m [34m[vite][39m transforming...
[2m18:27:56[22m [34m[vite][39m [32mÔ£ô[39m 109 modules transformed.
[2m18:27:59[22m [34m[vite][39m rendering chunks...
[33m[1m18:28:03[22m [WARN] [vite][39m [33m[plugin astro:transitions] Sourcemap is likely to be incorrect: a plugin (astro:transitions) was used to transform files, but didn't generate a sourcemap for the transformation. Consult the plugin documentation for help[39m
[2m18:28:06[22m [34m[vite][39m computing gzip size...
[2m18:28:06[22m [34m[vite][39m [2mdist/client/[22m[32m_astro/mercadoPago.CCY-TVKq.svg                                                  [39m[1m[2m353.94 kB[22m[1m[22m[2m Ôöé gzip: 258.72 kB[22m
[2m18:28:06[22m [34m[vite][39m [2mdist/client/[22m[36m_astro/client.DveCBDHT.js                                                        [39m[1m[2m  0.15 kB[22m[1m[22m[2m Ôöé gzip:   0.15 kB[22m[2m Ôöé map:     0.10 kB[22m
[2m18:28:06[22m [34m[vite][39m [2mdist/client/[22m[36m_astro/ServiceSegments.astro_astro_type_script_index_0_lang.iDnpOSws.js          [39m[1m[2m  0.38 kB[22m[1m[22m[2m Ôöé gzip:   0.29 kB[22m[2m Ôöé map:    14.31 kB[22m
[2m18:28:06[22m [34m[vite][39m [2mdist/client/[22m[36m_astro/links.astro_astro_type_script_index_0_lang.e5INhSEC.js                    [39m[1m[2m  0.41 kB[22m[1m[22m[2m Ôöé gzip:   0.29 kB[22m[2m Ôöé map:    20.40 kB[22m
[2m18:28:06[22m [34m[vite][39m [2mdist/client/[22m[36m_astro/ServiceTemplate.astro_astro_type_script_index_0_lang.CvURlxoh.js          [39m[1m[2m  0.43 kB[22m[1m[22m[2m Ôöé gzip:   0.33 kB[22m[2m Ôöé map:    29.82 kB[22m
[2m18:28:06[22m [34m[vite][39m [2mdist/client/[22m[36m_astro/obrigado.astro_astro_type_script_index_0_lang.CG3E5C1s.js                 [39m[1m[2m  0.59 kB[22m[1m[22m[2m Ôöé gzip:   0.33 kB[22m[2m Ôöé map:    27.68 kB[22m
[2m18:28:06[22m [34m[vite][39m [2mdist/client/[22m[36m_astro/Contact.astro_astro_type_script_index_0_lang.BubFjILW.js                  [39m[1m[2m  0.65 kB[22m[1m[22m[2m Ôöé gzip:   0.45 kB[22m[2m Ôöé map:    15.90 kB[22m
[2m18:28:06[22m [34m[vite][39m [2mdist/client/[22m[36m_astro/medicos.astro_astro_type_script_index_0_lang.D9psCYgm.js                  [39m[1m[2m  0.76 kB[22m[1m[22m[2m Ôöé gzip:   0.43 kB[22m[2m Ôöé map:    54.89 kB[22m
[2m18:28:06[22m [34m[vite][39m [2mdist/client/[22m[36m_astro/advogados.astro_astro_type_script_index_0_lang.D9psCYgm.js                [39m[1m[2m  0.77 kB[22m[1m[22m[2m Ôöé gzip:   0.43 kB[22m[2m Ôöé map:    53.89 kB[22m
[2m18:28:06[22m [34m[vite][39m [2mdist/client/[22m[36m_astro/dentistas.astro_astro_type_script_index_0_lang.D9psCYgm.js                [39m[1m[2m  0.77 kB[22m[1m[22m[2m Ôöé gzip:   0.43 kB[22m[2m Ôöé map:    54.92 kB[22m
[2m18:28:06[22m [34m[vite][39m [2mdist/client/[22m[36m_astro/arquitetos.astro_astro_type_script_index_0_lang.D9psCYgm.js               [39m[1m[2m  0.77 kB[22m[1m[22m[2m Ôöé gzip:   0.43 kB[22m[2m Ôöé map:    55.34 kB[22m
[2m18:28:06[22m [34m[vite][39m [2mdist/client/[22m[36m_astro/contadores.astro_astro_type_script_index_0_lang.D9psCYgm.js               [39m[1m[2m  0.77 kB[22m[1m[22m[2m Ôöé gzip:   0.43 kB[22m[2m Ôöé map:    55.42 kB[22m
[2m18:28:06[22m [34m[vite][39m [2mdist/client/[22m[36m_astro/Plans.astro_astro_type_script_index_0_lang.BDK6U_pb.js                    [39m[1m[2m  0.86 kB[22m[1m[22m[2m Ôöé gzip:   0.49 kB[22m[2m Ôöé map:    51.66 kB[22m
[2m18:28:06[22m [34m[vite][39m [2mdist/client/[22m[36m_astro/About.astro_astro_type_script_index_0_lang.DQtItnck.js                    [39m[1m[2m  0.89 kB[22m[1m[22m[2m Ôöé gzip:   0.53 kB[22m[2m Ôöé map:    38.11 kB[22m
[2m18:28:06[22m [34m[vite][39m [2mdist/client/[22m[36m_astro/Audience.astro_astro_type_script_index_0_lang.cpGQh3cU.js                 [39m[1m[2m  0.93 kB[22m[1m[22m[2m Ôöé gzip:   0.46 kB[22m[2m Ôöé map:    25.76 kB[22m
[2m18:28:06[22m [34m[vite][39m [2mdist/client/[22m[36m_astro/Projects.astro_astro_type_script_index_0_lang.CRL5L-3-.js                 [39m[1m[2m  0.94 kB[22m[1m[22m[2m Ôöé gzip:   0.47 kB[22m[2m Ôöé map:    28.15 kB[22m
[2m18:28:06[22m [34m[vite][39m [2mdist/client/[22m[36m_astro/Services.astro_astro_type_script_index_0_lang.DJ319dFp.js                 [39m[1m[2m  0.95 kB[22m[1m[22m[2m Ôöé gzip:   0.51 kB[22m[2m Ôöé map:    27.04 kB[22m
[2m18:28:06[22m [34m[vite][39m [2mdist/client/[22m[36m_astro/afiliados.astro_astro_type_script_index_0_lang.BM2P2I1T.js                [39m[1m[2m  0.97 kB[22m[1m[22m[2m Ôöé gzip:   0.54 kB[22m[2m Ôöé map:    46.11 kB[22m
[2m18:28:06[22m [34m[vite][39m [2mdist/client/[22m[36m_astro/psicologos.astro_astro_type_script_index_0_lang.DgHPdEis.js               [39m[1m[2m  0.97 kB[22m[1m[22m[2m Ôöé gzip:   0.54 kB[22m[2m Ôöé map:    61.42 kB[22m
[2m18:28:06[22m [34m[vite][39m [2mdist/client/[22m[36m_astro/SolarLandingTemplate.astro_astro_type_script_index_0_lang.Bo1NERdw.js     [39m[1m[2m  1.49 kB[22m[1m[22m[2m Ôöé gzip:   0.70 kB[22m[2m Ôöé map:   132.58 kB[22m
[2m18:28:06[22m [34m[vite][39m [2mdist/client/[22m[36m_astro/ChartParticles.C6siVsDS.js                                                [39m[1m[2m  1.86 kB[22m[1m[22m[2m Ôöé gzip:   1.08 kB[22m[2m Ôöé map:     7.39 kB[22m
[2m18:28:06[22m [34m[vite][39m [2mdist/client/[22m[36m_astro/Hero.astro_astro_type_script_index_0_lang.CYgEixzU.js                     [39m[1m[2m  1.92 kB[22m[1m[22m[2m Ôöé gzip:   0.80 kB[22m[2m Ôöé map:    78.59 kB[22m
[2m18:28:06[22m [34m[vite][39m [2mdist/client/[22m[36m_astro/PromoModal.astro_astro_type_script_index_0_lang.CHaToyAZ.js               [39m[1m[2m  1.96 kB[22m[1m[22m[2m Ôöé gzip:   0.96 kB[22m[2m Ôöé map:    52.91 kB[22m
[2m18:28:06[22m [34m[vite][39m [2mdist/client/[22m[36m_astro/BaseLayout.astro_astro_type_script_index_0_lang.CvqpKiSv.js               [39m[1m[2m  2.35 kB[22m[1m[22m[2m Ôöé gzip:   1.12 kB[22m[2m Ôöé map:    47.95 kB[22m
[2m18:28:06[22m [34m[vite][39m [2mdist/client/[22m[36m_astro/ThreeBackground.DDdT2T6h.js                                               [39m[1m[2m  3.05 kB[22m[1m[22m[2m Ôöé gzip:   1.56 kB[22m[2m Ôöé map:    14.15 kB[22m
[2m18:28:06[22m [34m[vite][39m [2mdist/client/[22m[36m_astro/index.astro_astro_type_script_index_0_lang.B1TWKhy7.js                    [39m[1m[2m  5.26 kB[22m[1m[22m[2m Ôöé gzip:   2.17 kB[22m[2m Ôöé map:   116.97 kB[22m
[2m18:28:06[22m [34m[vite][39m [2mdist/client/[22m[36m_astro/dashboard.astro_astro_type_script_index_0_lang.CIV74hGz.js                [39m[1m[2m  5.88 kB[22m[1m[22m[2m Ôöé gzip:   2.00 kB[22m[2m Ôöé map:   339.15 kB[22m
[2m18:28:06[22m [34m[vite][39m [2mdist/client/[22m[36m_astro/PortfolioGrid.CzmC86sm.js                                                 [39m[1m[2m  7.28 kB[22m[1m[22m[2m Ôöé gzip:   2.62 kB[22m[2m Ôöé map:    16.51 kB[22m
[2m18:28:06[22m [34m[vite][39m [2mdist/client/[22m[36m_astro/sistemas-personalizados.astro_astro_type_script_index_0_lang.BMeHaZ-D.js  [39m[1m[2m  7.88 kB[22m[1m[22m[2m Ôöé gzip:   3.17 kB[22m[2m Ôöé map:   244.12 kB[22m
[2m18:28:06[22m [34m[vite][39m [2mdist/client/[22m[36m_astro/RegisterForm.Bx32GNtS.js                                                  [39m[1m[2m  8.33 kB[22m[1m[22m[2m Ôöé gzip:   2.79 kB[22m[2m Ôöé map:    24.27 kB[22m
[2m18:28:06[22m [34m[vite][39m [2mdist/client/[22m[36m_astro/ProjectsGrid.DJFidvPD.js                                                  [39m[1m[2m 10.36 kB[22m[1m[22m[2m Ôöé gzip:   3.34 kB[22m[2m Ôöé map:    23.54 kB[22m
[2m18:28:06[22m [34m[vite][39m [2mdist/client/[22m[36m_astro/CustomPaymentForm.C_0YTlLl.js                                             [39m[1m[2m 10.42 kB[22m[1m[22m[2m Ôöé gzip:   2.72 kB[22m[2m Ôöé map:    19.12 kB[22m
[2m18:28:06[22m [34m[vite][39m [2mdist/client/[22m[36m_astro/OrderForm.mqG6Ifmq.js                                                     [39m[1m[2m 51.37 kB[22m[1m[22m[2m Ôöé gzip:  11.75 kB[22m[2m Ôöé map:   111.94 kB[22m
[2m18:28:06[22m [34m[vite][39m [2mdist/client/[22m[36m_astro/gsap-vendor.BkeXujE2.js                                                   [39m[1m[2m115.01 kB[22m[1m[22m[2m Ôöé gzip:  45.69 kB[22m[2m Ôöé map:   595.72 kB[22m
[2m18:28:06[22m [34m[vite][39m [2mdist/client/[22m[36m_astro/ClientRouter.astro_astro_type_script_index_0_lang.5jLRwK08.js             [39m[1m[33m708.39 kB[39m[22m[2m Ôöé gzip: 193.23 kB[22m[2m Ôöé map: 3,709.41 kB[22m
[33m[1m18:28:06[22m [WARN] [vite][39m [33m
(!) Some chunks are larger than 500 kB after minification. Consider:
- Using dynamic import() to code-split the application
- Use build.rollupOptions.output.manualChunks to improve chunking: https://rollupjs.org/configuration-options/#output-manualchunks
- Adjust chunk size limit for this warning via build.chunkSizeWarningLimit.[39m
[2m18:28:06[22m [34m[vite][39m [32mÔ£ô built in 22.95s[39m
node.exe : prisma:warn In production, we recommend using `prisma generate --no-engine` (See: `prisma generate --help`)
No C:\nvm4w\nodejs\npx.ps1:16 caractere:5
+     & "$basedir/node$exe"  "$basedir/node_modules/npm/bin/npx-cli.js" ...
+     ~~~~~~~~~~~~~~~~~~~~~~~~~~~~~~~~~~~~~~~~~~~~~~~~~~~~~~~~~~~~~~~~~
    + CategoryInfo          : NotSpecified: (prisma:warn In ...nerate --help`):String) [], RemoteException
    + FullyQualifiedErrorId : NativeCommandError
 

[42m[30m prerendering static routes [39m[49m
[2m18:28:10[22m [32mÔûÂ[39m src/pages/404.astro
[2m18:28:10[22m   [34mÔööÔöÇ[39m [2m/404.html[22m[33m[1m18:28:10[22m [WARN][39m `Astro.request.headers` was used when rendering the route `src/pages/404.astro'`. `Astro.request.headers` is not available on prerendered pages. If you need access to request headers, make sure that the page is server-rendered using `export const prerender = false;` or by setting `output` to `"server"` in your Astro config to make all your pages server-rendered by default.
 [2m(+279ms)[22m 
[2m18:28:10[22m [32mÔûÂ[39m src/pages/atendimento/[nicho]/[bairro]/[cidade].astro
[2m18:28:10[22m   [34mÔö£ÔöÇ[39m [2m/atendimento/advogados/centro/nova-iguacu/index.html[22m[33m[1m18:28:11[22m [WARN][39m `Astro.request.headers` was used when rendering the route `src/pages/atendimento/[nicho]/[bairro]/[cidade].astro'`. `Astro.request.headers` is not available on prerendered pages. If you need access to request headers, make sure that the page is server-rendered using `export const prerender = false;` or by setting `output` to `"server"` in your Astro config to make all your pages server-rendered by default.
 [2m(+336ms)[22m 
[2m18:28:11[22m   [34mÔö£ÔöÇ[39m [2m/atendimento/advogados/centro-de-nova-iguacu/nova-iguacu/index.html[22m[33m[1m18:28:11[22m [WARN][39m `Astro.request.headers` was used when rendering the route `src/pages/atendimento/[nicho]/[bairro]/[cidade].astro'`. `Astro.request.headers` is not available on prerendered pages. If you need access to request headers, make sure that the page is server-rendered using `export const prerender = false;` or by setting `output` to `"server"` in your Astro config to make all your pages server-rendered by default.
 [2m(+149ms)[22m 
[2m18:28:11[22m   [34mÔö£ÔöÇ[39m [2m/atendimento/advogados/belford-roxo-centro/nova-iguacu/index.html[22m[33m[1m18:28:11[22m [WARN][39m `Astro.request.headers` was used when rendering the route `src/pages/atendimento/[nicho]/[bairro]/[cidade].astro'`. `Astro.request.headers` is not available on prerendered pages. If you need access to request headers, make sure that the page is server-rendered using `export const prerender = false;` or by setting `output` to `"server"` in your Astro config to make all your pages server-rendered by default.
 [2m(+187ms)[22m 
[2m18:28:11[22m   [34mÔö£ÔöÇ[39m [2m/atendimento/advogados/cabu├ºu/nova-iguacu/index.html[22m[33m[1m18:28:11[22m [WARN][39m `Astro.request.headers` was used when rendering the route `src/pages/atendimento/[nicho]/[bairro]/[cidade].astro'`. `Astro.request.headers` is not available on prerendered pages. If you need access to request headers, make sure that the page is server-rendered using `export const prerender = false;` or by setting `output` to `"server"` in your Astro config to make all your pages server-rendered by default.
 [2m(+345ms)[22m 
[2m18:28:11[22m   [34mÔö£ÔöÇ[39m [2m/atendimento/advogados/posse/nova-iguacu/index.html[22m[33m[1m18:28:11[22m [WARN][39m `Astro.request.headers` was used when rendering the route `src/pages/atendimento/[nicho]/[bairro]/[cidade].astro'`. `Astro.request.headers` is not available on prerendered pages. If you need access to request headers, make sure that the page is server-rendered using `export const prerender = false;` or by setting `output` to `"server"` in your Astro config to make all your pages server-rendered by default.
 [2m(+203ms)[22m 
[2m18:28:12[22m   [34mÔö£ÔöÇ[39m [2m/atendimento/advogados/vila-nova/nova-iguacu/index.html[22m[33m[1m18:28:12[22m [WARN][39m `Astro.request.headers` was used when rendering the route `src/pages/atendimento/[nicho]/[bairro]/[cidade].astro'`. `Astro.request.headers` is not available on prerendered pages. If you need access to request headers, make sure that the page is server-rendered using `export const prerender = false;` or by setting `output` to `"server"` in your Astro config to make all your pages server-rendered by default.
 [2m(+182ms)[22m 
[2m18:28:12[22m   [34mÔö£ÔöÇ[39m [2m/atendimento/advogados/centro/duque-de-caxias/index.html[22m[33m[1m18:28:12[22m [WARN][39m `Astro.request.headers` was used when rendering the route `src/pages/atendimento/[nicho]/[bairro]/[cidade].astro'`. `Astro.request.headers` is not available on prerendered pages. If you need access to request headers, make sure that the page is server-rendered using `export const prerender = false;` or by setting `output` to `"server"` in your Astro config to make all your pages server-rendered by default.
 [2m(+231ms)[22m 
[2m18:28:12[22m   [34mÔö£ÔöÇ[39m [2m/atendimento/advogados/jardin-camburi/duque-de-caxias/index.html[22m[33m[1m18:28:12[22m [WARN][39m `Astro.request.headers` was used when rendering the route `src/pages/atendimento/[nicho]/[bairro]/[cidade].astro'`. `Astro.request.headers` is not available on prerendered pages. If you need access to request headers, make sure that the page is server-rendered using `export const prerender = false;` or by setting `output` to `"server"` in your Astro config to make all your pages server-rendered by default.
 [2m(+273ms)[22m 
[2m18:28:12[22m   [34mÔö£ÔöÇ[39m [2m/atendimento/advogados/gramacho/duque-de-caxias/index.html[22m[33m[1m18:28:12[22m [WARN][39m `Astro.request.headers` was used when rendering the route `src/pages/atendimento/[nicho]/[bairro]/[cidade].astro'`. `Astro.request.headers` is not available on prerendered pages. If you need access to request headers, make sure that the page is server-rendered using `export const prerender = false;` or by setting `output` to `"server"` in your Astro config to make all your pages server-rendered by default.
 [2m(+199ms)[22m 
[2m18:28:13[22m   [34mÔö£ÔöÇ[39m [2m/atendimento/advogados/parque-duque/duque-de-caxias/index.html[22m[33m[1m18:28:13[22m [WARN][39m `Astro.request.headers` was used when rendering the route `src/pages/atendimento/[nicho]/[bairro]/[cidade].astro'`. `Astro.request.headers` is not available on prerendered pages. If you need access to request headers, make sure that the page is server-rendered using `export const prerender = false;` or by setting `output` to `"server"` in your Astro config to make all your pages server-rendered by default.
 [2m(+200ms)[22m 
[2m18:28:13[22m   [34mÔö£ÔöÇ[39m [2m/atendimento/advogados/vila-sao-luiz/duque-de-caxias/index.html[22m[33m[1m18:28:13[22m [WARN][39m `Astro.request.headers` was used when rendering the route `src/pages/atendimento/[nicho]/[bairro]/[cidade].astro'`. `Astro.request.headers` is not available on prerendered pages. If you need access to request headers, make sure that the page is server-rendered using `export const prerender = false;` or by setting `output` to `"server"` in your Astro config to make all your pages server-rendered by default.
 [2m(+248ms)[22m 
[2m18:28:13[22m   [34mÔö£ÔöÇ[39m [2m/atendimento/advogados/centro/belford-roxo/index.html[22m[33m[1m18:28:13[22m [WARN][39m `Astro.request.headers` was used when rendering the route `src/pages/atendimento/[nicho]/[bairro]/[cidade].astro'`. `Astro.request.headers` is not available on prerendered pages. If you need access to request headers, make sure that the page is server-rendered using `export const prerender = false;` or by setting `output` to `"server"` in your Astro config to make all your pages server-rendered by default.
 [2m(+182ms)[22m 
[2m18:28:13[22m   [34mÔö£ÔöÇ[39m [2m/atendimento/advogados/areia-branca/belford-roxo/index.html[22m[33m[1m18:28:13[22m [WARN][39m `Astro.request.headers` was used when rendering the route `src/pages/atendimento/[nicho]/[bairro]/[cidade].astro'`. `Astro.request.headers` is not available on prerendered pages. If you need access to request headers, make sure that the page is server-rendered using `export const prerender = false;` or by setting `output` to `"server"` in your Astro config to make all your pages server-rendered by default.
 [2m(+215ms)[22m 
[2m18:28:13[22m   [34mÔö£ÔöÇ[39m [2m/atendimento/advogados/heli├│polis/belford-roxo/index.html[22m[33m[1m18:28:13[22m [WARN][39m `Astro.request.headers` was used when rendering the route `src/pages/atendimento/[nicho]/[bairro]/[cidade].astro'`. `Astro.request.headers` is not available on prerendered pages. If you need access to request headers, make sure that the page is server-rendered using `export const prerender = false;` or by setting `output` to `"server"` in your Astro config to make all your pages server-rendered by default.
 [2m(+253ms)[22m 
[2m18:28:14[22m   [34mÔö£ÔöÇ[39m [2m/atendimento/advogados/centro/sao-joao-de-meriti/index.html[22m[33m[1m18:28:14[22m [WARN][39m `Astro.request.headers` was used when rendering the route `src/pages/atendimento/[nicho]/[bairro]/[cidade].astro'`. `Astro.request.headers` is not available on prerendered pages. If you need access to request headers, make sure that the page is server-rendered using `export const prerender = false;` or by setting `output` to `"server"` in your Astro config to make all your pages server-rendered by default.
 [2m(+150ms)[22m 
[2m18:28:14[22m   [34mÔö£ÔöÇ[39m [2m/atendimento/advogados/vila-dias-lopes/sao-joao-de-meriti/index.html[22m[33m[1m18:28:14[22m [WARN][39m `Astro.request.headers` was used when rendering the route `src/pages/atendimento/[nicho]/[bairro]/[cidade].astro'`. `Astro.request.headers` is not available on prerendered pages. If you need access to request headers, make sure that the page is server-rendered using `export const prerender = false;` or by setting `output` to `"server"` in your Astro config to make all your pages server-rendered by default.
 [2m(+263ms)[22m 
[2m18:28:14[22m   [34mÔö£ÔöÇ[39m [2m/atendimento/advogados/centro/nilopolis/index.html[22m[33m[1m18:28:14[22m [WARN][39m `Astro.request.headers` was used when rendering the route `src/pages/atendimento/[nicho]/[bairro]/[cidade].astro'`. `Astro.request.headers` is not available on prerendered pages. If you need access to request headers, make sure that the page is server-rendered using `export const prerender = false;` or by setting `output` to `"server"` in your Astro config to make all your pages server-rendered by default.
 [2m(+232ms)[22m 
[2m18:28:14[22m   [34mÔö£ÔöÇ[39m [2m/atendimento/advogados/centro/mesquita/index.html[22m[33m[1m18:28:14[22m [WARN][39m `Astro.request.headers` was used when rendering the route `src/pages/atendimento/[nicho]/[bairro]/[cidade].astro'`. `Astro.request.headers` is not available on prerendered pages. If you need access to request headers, make sure that the page is server-rendered using `export const prerender = false;` or by setting `output` to `"server"` in your Astro config to make all your pages server-rendered by default.
 [2m(+151ms)[22m 
[2m18:28:14[22m   [34mÔö£ÔöÇ[39m [2m/atendimento/advogados/centro/queimados/index.html[22m[33m[1m18:28:15[22m [WARN][39m `Astro.request.headers` was used when rendering the route `src/pages/atendimento/[nicho]/[bairro]/[cidade].astro'`. `Astro.request.headers` is not available on prerendered pages. If you need access to request headers, make sure that the page is server-rendered using `export const prerender = false;` or by setting `output` to `"server"` in your Astro config to make all your pages server-rendered by default.
 [2m(+185ms)[22m 
[2m18:28:15[22m   [34mÔö£ÔöÇ[39m [2m/atendimento/advogados/centro/mage/index.html[22m[33m[1m18:28:15[22m [WARN][39m `Astro.request.headers` was used when rendering the route `src/pages/atendimento/[nicho]/[bairro]/[cidade].astro'`. `Astro.request.headers` is not available on prerendered pages. If you need access to request headers, make sure that the page is server-rendered using `export const prerender = false;` or by setting `output` to `"server"` in your Astro config to make all your pages server-rendered by default.
 [2m(+178ms)[22m 
[2m18:28:15[22m   [34mÔö£ÔöÇ[39m [2m/atendimento/advogados/centro/itaguai/index.html[22m[33m[1m18:28:15[22m [WARN][39m `Astro.request.headers` was used when rendering the route `src/pages/atendimento/[nicho]/[bairro]/[cidade].astro'`. `Astro.request.headers` is not available on prerendered pages. If you need access to request headers, make sure that the page is server-rendered using `export const prerender = false;` or by setting `output` to `"server"` in your Astro config to make all your pages server-rendered by default.
 [2m(+189ms)[22m 
[2m18:28:15[22m   [34mÔö£ÔöÇ[39m [2m/atendimento/advogados/centro/seropedica/index.html[22m[33m[1m18:28:15[22m [WARN][39m `Astro.request.headers` was used when rendering the route `src/pages/atendimento/[nicho]/[bairro]/[cidade].astro'`. `Astro.request.headers` is not available on prerendered pages. If you need access to request headers, make sure that the page is server-rendered using `export const prerender = false;` or by setting `output` to `"server"` in your Astro config to make all your pages server-rendered by default.
 [2m(+313ms)[22m 
[2m18:28:15[22m   [34mÔö£ÔöÇ[39m [2m/atendimento/advogados/centro/guapimirim/index.html[22m[33m[1m18:28:15[22m [WARN][39m `Astro.request.headers` was used when rendering the route `src/pages/atendimento/[nicho]/[bairro]/[cidade].astro'`. `Astro.request.headers` is not available on prerendered pages. If you need access to request headers, make sure that the page is server-rendered using `export const prerender = false;` or by setting `output` to `"server"` in your Astro config to make all your pages server-rendered by default.
 [2m(+296ms)[22m 
[2m18:28:16[22m   [34mÔö£ÔöÇ[39m [2m/atendimento/advogados/itaim-bibi/itaim-bibi/index.html[22m[33m[1m18:28:16[22m [WARN][39m `Astro.request.headers` was used when rendering the route `src/pages/atendimento/[nicho]/[bairro]/[cidade].astro'`. `Astro.request.headers` is not available on prerendered pages. If you need access to request headers, make sure that the page is server-rendered using `export const prerender = false;` or by setting `output` to `"server"` in your Astro config to make all your pages server-rendered by default.
 [2m(+250ms)[22m 
[2m18:28:16[22m   [34mÔö£ÔöÇ[39m [2m/atendimento/medicos/centro/nova-iguacu/index.html[22m[33m[1m18:28:16[22m [WARN][39m `Astro.request.headers` was used when rendering the route `src/pages/atendimento/[nicho]/[bairro]/[cidade].astro'`. `Astro.request.headers` is not available on prerendered pages. If you need access to request headers, make sure that the page is server-rendered using `export const prerender = false;` or by setting `output` to `"server"` in your Astro config to make all your pages server-rendered by default.
 [31m(+597ms)[39m 
[2m18:28:16[22m   [34mÔö£ÔöÇ[39m [2m/atendimento/medicos/centro-de-nova-iguacu/nova-iguacu/index.html[22m[33m[1m18:28:17[22m [WARN][39m `Astro.request.headers` was used when rendering the route `src/pages/atendimento/[nicho]/[bairro]/[cidade].astro'`. `Astro.request.headers` is not available on prerendered pages. If you need access to request headers, make sure that the page is server-rendered using `export const prerender = false;` or by setting `output` to `"server"` in your Astro config to make all your pages server-rendered by default.
 [2m(+138ms)[22m 
[2m18:28:17[22m   [34mÔö£ÔöÇ[39m [2m/atendimento/medicos/belford-roxo-centro/nova-iguacu/index.html[22m[33m[1m18:28:17[22m [WARN][39m `Astro.request.headers` was used when rendering the route `src/pages/atendimento/[nicho]/[bairro]/[cidade].astro'`. `Astro.request.headers` is not available on prerendered pages. If you need access to request headers, make sure that the page is server-rendered using `export const prerender = false;` or by setting `output` to `"server"` in your Astro config to make all your pages server-rendered by default.
 [2m(+163ms)[22m 
[2m18:28:17[22m   [34mÔö£ÔöÇ[39m [2m/atendimento/medicos/cabu├ºu/nova-iguacu/index.html[22m[33m[1m18:28:17[22m [WARN][39m `Astro.request.headers` was used when rendering the route `src/pages/atendimento/[nicho]/[bairro]/[cidade].astro'`. `Astro.request.headers` is not available on prerendered pages. If you need access to request headers, make sure that the page is server-rendered using `export const prerender = false;` or by setting `output` to `"server"` in your Astro config to make all your pages server-rendered by default.
 [2m(+252ms)[22m 
[2m18:28:17[22m   [34mÔö£ÔöÇ[39m [2m/atendimento/medicos/posse/nova-iguacu/index.html[22m[33m[1m18:28:17[22m [WARN][39m `Astro.request.headers` was used when rendering the route `src/pages/atendimento/[nicho]/[bairro]/[cidade].astro'`. `Astro.request.headers` is not available on prerendered pages. If you need access to request headers, make sure that the page is server-rendered using `export const prerender = false;` or by setting `output` to `"server"` in your Astro config to make all your pages server-rendered by default.
 [2m(+135ms)[22m 
[2m18:28:17[22m   [34mÔö£ÔöÇ[39m [2m/atendimento/medicos/vila-nova/nova-iguacu/index.html[22m[33m[1m18:28:17[22m [WARN][39m `Astro.request.headers` was used when rendering the route `src/pages/atendimento/[nicho]/[bairro]/[cidade].astro'`. `Astro.request.headers` is not available on prerendered pages. If you need access to request headers, make sure that the page is server-rendered using `export const prerender = false;` or by setting `output` to `"server"` in your Astro config to make all your pages server-rendered by default.
 [2m(+251ms)[22m 
[2m18:28:17[22m   [34mÔö£ÔöÇ[39m [2m/atendimento/medicos/centro/duque-de-caxias/index.html[22m[33m[1m18:28:17[22m [WARN][39m `Astro.request.headers` was used when rendering the route `src/pages/atendimento/[nicho]/[bairro]/[cidade].astro'`. `Astro.request.headers` is not available on prerendered pages. If you need access to request headers, make sure that the page is server-rendered using `export const prerender = false;` or by setting `output` to `"server"` in your Astro config to make all your pages server-rendered by default.
 [2m(+132ms)[22m 
[2m18:28:18[22m   [34mÔö£ÔöÇ[39m [2m/atendimento/medicos/jardin-camburi/duque-de-caxias/index.html[22m[33m[1m18:28:18[22m [WARN][39m `Astro.request.headers` was used when rendering the route `src/pages/atendimento/[nicho]/[bairro]/[cidade].astro'`. `Astro.request.headers` is not available on prerendered pages. If you need access to request headers, make sure that the page is server-rendered using `export const prerender = false;` or by setting `output` to `"server"` in your Astro config to make all your pages server-rendered by default.
 [2m(+133ms)[22m 
[2m18:28:18[22m   [34mÔö£ÔöÇ[39m [2m/atendimento/medicos/gramacho/duque-de-caxias/index.html[22m[33m[1m18:28:18[22m [WARN][39m `Astro.request.headers` was used when rendering the route `src/pages/atendimento/[nicho]/[bairro]/[cidade].astro'`. `Astro.request.headers` is not available on prerendered pages. If you need access to request headers, make sure that the page is server-rendered using `export const prerender = false;` or by setting `output` to `"server"` in your Astro config to make all your pages server-rendered by default.
 [2m(+212ms)[22m 
[2m18:28:18[22m   [34mÔö£ÔöÇ[39m [2m/atendimento/medicos/parque-duque/duque-de-caxias/index.html[22m[33m[1m18:28:18[22m [WARN][39m `Astro.request.headers` was used when rendering the route `src/pages/atendimento/[nicho]/[bairro]/[cidade].astro'`. `Astro.request.headers` is not available on prerendered pages. If you need access to request headers, make sure that the page is server-rendered using `export const prerender = false;` or by setting `output` to `"server"` in your Astro config to make all your pages server-rendered by default.
 [2m(+135ms)[22m 
[2m18:28:18[22m   [34mÔö£ÔöÇ[39m [2m/atendimento/medicos/vila-sao-luiz/duque-de-caxias/index.html[22m[33m[1m18:28:18[22m [WARN][39m `Astro.request.headers` was used when rendering the route `src/pages/atendimento/[nicho]/[bairro]/[cidade].astro'`. `Astro.request.headers` is not available on prerendered pages. If you need access to request headers, make sure that the page is server-rendered using `export const prerender = false;` or by setting `output` to `"server"` in your Astro config to make all your pages server-rendered by default.
 [2m(+154ms)[22m 
[2m18:28:18[22m   [34mÔö£ÔöÇ[39m [2m/atendimento/medicos/centro/belford-roxo/index.html[22m[33m[1m18:28:18[22m [WARN][39m `Astro.request.headers` was used when rendering the route `src/pages/atendimento/[nicho]/[bairro]/[cidade].astro'`. `Astro.request.headers` is not available on prerendered pages. If you need access to request headers, make sure that the page is server-rendered using `export const prerender = false;` or by setting `output` to `"server"` in your Astro config to make all your pages server-rendered by default.
 [2m(+163ms)[22m 
[2m18:28:18[22m   [34mÔö£ÔöÇ[39m [2m/atendimento/medicos/areia-branca/belford-roxo/index.html[22m[33m[1m18:28:18[22m [WARN][39m `Astro.request.headers` was used when rendering the route `src/pages/atendimento/[nicho]/[bairro]/[cidade].astro'`. `Astro.request.headers` is not available on prerendered pages. If you need access to request headers, make sure that the page is server-rendered using `export const prerender = false;` or by setting `output` to `"server"` in your Astro config to make all your pages server-rendered by default.
 [2m(+166ms)[22m 
[2m18:28:18[22m   [34mÔö£ÔöÇ[39m [2m/atendimento/medicos/heli├│polis/belford-roxo/index.html[22m[33m[1m18:28:19[22m [WARN][39m `Astro.request.headers` was used when rendering the route `src/pages/atendimento/[nicho]/[bairro]/[cidade].astro'`. `Astro.request.headers` is not available on prerendered pages. If you need access to request headers, make sure that the page is server-rendered using `export const prerender = false;` or by setting `output` to `"server"` in your Astro config to make all your pages server-rendered by default.
 [2m(+363ms)[22m 
[2m18:28:19[22m   [34mÔö£ÔöÇ[39m [2m/atendimento/medicos/centro/sao-joao-de-meriti/index.html[22m[33m[1m18:28:19[22m [WARN][39m `Astro.request.headers` was used when rendering the route `src/pages/atendimento/[nicho]/[bairro]/[cidade].astro'`. `Astro.request.headers` is not available on prerendered pages. If you need access to request headers, make sure that the page is server-rendered using `export const prerender = false;` or by setting `output` to `"server"` in your Astro config to make all your pages server-rendered by default.
 [2m(+285ms)[22m 
[2m18:28:19[22m   [34mÔö£ÔöÇ[39m [2m/atendimento/medicos/vila-dias-lopes/sao-joao-de-meriti/index.html[22m[33m[1m18:28:19[22m [WARN][39m `Astro.request.headers` was used when rendering the route `src/pages/atendimento/[nicho]/[bairro]/[cidade].astro'`. `Astro.request.headers` is not available on prerendered pages. If you need access to request headers, make sure that the page is server-rendered using `export const prerender = false;` or by setting `output` to `"server"` in your Astro config to make all your pages server-rendered by default.
 [2m(+247ms)[22m 
[2m18:28:19[22m   [34mÔö£ÔöÇ[39m [2m/atendimento/medicos/centro/nilopolis/index.html[22m[33m[1m18:28:19[22m [WARN][39m `Astro.request.headers` was used when rendering the route `src/pages/atendimento/[nicho]/[bairro]/[cidade].astro'`. `Astro.request.headers` is not available on prerendered pages. If you need access to request headers, make sure that the page is server-rendered using `export const prerender = false;` or by setting `output` to `"server"` in your Astro config to make all your pages server-rendered by default.
 [2m(+134ms)[22m 
[2m18:28:19[22m   [34mÔö£ÔöÇ[39m [2m/atendimento/medicos/centro/mesquita/index.html[22m[33m[1m18:28:20[22m [WARN][39m `Astro.request.headers` was used when rendering the route `src/pages/atendimento/[nicho]/[bairro]/[cidade].astro'`. `Astro.request.headers` is not available on prerendered pages. If you need access to request headers, make sure that the page is server-rendered using `export const prerender = false;` or by setting `output` to `"server"` in your Astro config to make all your pages server-rendered by default.
 [2m(+123ms)[22m 
[2m18:28:20[22m   [34mÔö£ÔöÇ[39m [2m/atendimento/medicos/centro/queimados/index.html[22m[33m[1m18:28:20[22m [WARN][39m `Astro.request.headers` was used when rendering the route `src/pages/atendimento/[nicho]/[bairro]/[cidade].astro'`. `Astro.request.headers` is not available on prerendered pages. If you need access to request headers, make sure that the page is server-rendered using `export const prerender = false;` or by setting `output` to `"server"` in your Astro config to make all your pages server-rendered by default.
 [2m(+84ms)[22m 
[2m18:28:20[22m   [34mÔö£ÔöÇ[39m [2m/atendimento/medicos/centro/mage/index.html[22m[33m[1m18:28:20[22m [WARN][39m `Astro.request.headers` was used when rendering the route `src/pages/atendimento/[nicho]/[bairro]/[cidade].astro'`. `Astro.request.headers` is not available on prerendered pages. If you need access to request headers, make sure that the page is server-rendered using `export const prerender = false;` or by setting `output` to `"server"` in your Astro config to make all your pages server-rendered by default.
 [2m(+259ms)[22m 
[2m18:28:20[22m   [34mÔö£ÔöÇ[39m [2m/atendimento/medicos/centro/itaguai/index.html[22m[33m[1m18:28:20[22m [WARN][39m `Astro.request.headers` was used when rendering the route `src/pages/atendimento/[nicho]/[bairro]/[cidade].astro'`. `Astro.request.headers` is not available on prerendered pages. If you need access to request headers, make sure that the page is server-rendered using `export const prerender = false;` or by setting `output` to `"server"` in your Astro config to make all your pages server-rendered by default.
 [2m(+155ms)[22m 
[2m18:28:20[22m   [34mÔö£ÔöÇ[39m [2m/atendimento/medicos/centro/seropedica/index.html[22m[33m[1m18:28:20[22m [WARN][39m `Astro.request.headers` was used when rendering the route `src/pages/atendimento/[nicho]/[bairro]/[cidade].astro'`. `Astro.request.headers` is not available on prerendered pages. If you need access to request headers, make sure that the page is server-rendered using `export const prerender = false;` or by setting `output` to `"server"` in your Astro config to make all your pages server-rendered by default.
 [2m(+133ms)[22m 
[2m18:28:20[22m   [34mÔö£ÔöÇ[39m [2m/atendimento/medicos/centro/guapimirim/index.html[22m[33m[1m18:28:20[22m [WARN][39m `Astro.request.headers` was used when rendering the route `src/pages/atendimento/[nicho]/[bairro]/[cidade].astro'`. `Astro.request.headers` is not available on prerendered pages. If you need access to request headers, make sure that the page is server-rendered using `export const prerender = false;` or by setting `output` to `"server"` in your Astro config to make all your pages server-rendered by default.
 [2m(+179ms)[22m 
[2m18:28:20[22m   [34mÔö£ÔöÇ[39m [2m/atendimento/medicos/itaim-bibi/itaim-bibi/index.html[22m[33m[1m18:28:21[22m [WARN][39m `Astro.request.headers` was used when rendering the route `src/pages/atendimento/[nicho]/[bairro]/[cidade].astro'`. `Astro.request.headers` is not available on prerendered pages. If you need access to request headers, make sure that the page is server-rendered using `export const prerender = false;` or by setting `output` to `"server"` in your Astro config to make all your pages server-rendered by default.
 [2m(+233ms)[22m 
[2m18:28:21[22m   [34mÔö£ÔöÇ[39m [2m/atendimento/contadores/centro/nova-iguacu/index.html[22m[33m[1m18:28:21[22m [WARN][39m `Astro.request.headers` was used when rendering the route `src/pages/atendimento/[nicho]/[bairro]/[cidade].astro'`. `Astro.request.headers` is not available on prerendered pages. If you need access to request headers, make sure that the page is server-rendered using `export const prerender = false;` or by setting `output` to `"server"` in your Astro config to make all your pages server-rendered by default.
 [2m(+170ms)[22m 
[2m18:28:21[22m   [34mÔö£ÔöÇ[39m [2m/atendimento/contadores/centro-de-nova-iguacu/nova-iguacu/index.html[22m[33m[1m18:28:21[22m [WARN][39m `Astro.request.headers` was used when rendering the route `src/pages/atendimento/[nicho]/[bairro]/[cidade].astro'`. `Astro.request.headers` is not available on prerendered pages. If you need access to request headers, make sure that the page is server-rendered using `export const prerender = false;` or by setting `output` to `"server"` in your Astro config to make all your pages server-rendered by default.
 [2m(+262ms)[22m 
[2m18:28:21[22m   [34mÔö£ÔöÇ[39m [2m/atendimento/contadores/belford-roxo-centro/nova-iguacu/index.html[22m[33m[1m18:28:21[22m [WARN][39m `Astro.request.headers` was used when rendering the route `src/pages/atendimento/[nicho]/[bairro]/[cidade].astro'`. `Astro.request.headers` is not available on prerendered pages. If you need access to request headers, make sure that the page is server-rendered using `export const prerender = false;` or by setting `output` to `"server"` in your Astro config to make all your pages server-rendered by default.
 [2m(+197ms)[22m 
[2m18:28:21[22m   [34mÔö£ÔöÇ[39m [2m/atendimento/contadores/cabu├ºu/nova-iguacu/index.html[22m[33m[1m18:28:21[22m [WARN][39m `Astro.request.headers` was used when rendering the route `src/pages/atendimento/[nicho]/[bairro]/[cidade].astro'`. `Astro.request.headers` is not available on prerendered pages. If you need access to request headers, make sure that the page is server-rendered using `export const prerender = false;` or by setting `output` to `"server"` in your Astro config to make all your pages server-rendered by default.
 [2m(+305ms)[22m 
[2m18:28:22[22m   [34mÔö£ÔöÇ[39m [2m/atendimento/contadores/posse/nova-iguacu/index.html[22m[33m[1m18:28:22[22m [WARN][39m `Astro.request.headers` was used when rendering the route `src/pages/atendimento/[nicho]/[bairro]/[cidade].astro'`. `Astro.request.headers` is not available on prerendered pages. If you need access to request headers, make sure that the page is server-rendered using `export const prerender = false;` or by setting `output` to `"server"` in your Astro config to make all your pages server-rendered by default.
 [2m(+336ms)[22m 
[2m18:28:22[22m   [34mÔö£ÔöÇ[39m [2m/atendimento/contadores/vila-nova/nova-iguacu/index.html[22m[33m[1m18:28:22[22m [WARN][39m `Astro.request.headers` was used when rendering the route `src/pages/atendimento/[nicho]/[bairro]/[cidade].astro'`. `Astro.request.headers` is not available on prerendered pages. If you need access to request headers, make sure that the page is server-rendered using `export const prerender = false;` or by setting `output` to `"server"` in your Astro config to make all your pages server-rendered by default.
 [2m(+291ms)[22m 
[2m18:28:22[22m   [34mÔö£ÔöÇ[39m [2m/atendimento/contadores/centro/duque-de-caxias/index.html[22m[33m[1m18:28:22[22m [WARN][39m `Astro.request.headers` was used when rendering the route `src/pages/atendimento/[nicho]/[bairro]/[cidade].astro'`. `Astro.request.headers` is not available on prerendered pages. If you need access to request headers, make sure that the page is server-rendered using `export const prerender = false;` or by setting `output` to `"server"` in your Astro config to make all your pages server-rendered by default.
 [2m(+222ms)[22m 
[2m18:28:22[22m   [34mÔö£ÔöÇ[39m [2m/atendimento/contadores/jardin-camburi/duque-de-caxias/index.html[22m[33m[1m18:28:22[22m [WARN][39m `Astro.request.headers` was used when rendering the route `src/pages/atendimento/[nicho]/[bairro]/[cidade].astro'`. `Astro.request.headers` is not available on prerendered pages. If you need access to request headers, make sure that the page is server-rendered using `export const prerender = false;` or by setting `output` to `"server"` in your Astro config to make all your pages server-rendered by default.
 [2m(+345ms)[22m 
[2m18:28:23[22m   [34mÔö£ÔöÇ[39m [2m/atendimento/contadores/gramacho/duque-de-caxias/index.html[22m[33m[1m18:28:23[22m [WARN][39m `Astro.request.headers` was used when rendering the route `src/pages/atendimento/[nicho]/[bairro]/[cidade].astro'`. `Astro.request.headers` is not available on prerendered pages. If you need access to request headers, make sure that the page is server-rendered using `export const prerender = false;` or by setting `output` to `"server"` in your Astro config to make all your pages server-rendered by default.
 [2m(+132ms)[22m 
[2m18:28:23[22m   [34mÔö£ÔöÇ[39m [2m/atendimento/contadores/parque-duque/duque-de-caxias/index.html[22m[33m[1m18:28:23[22m [WARN][39m `Astro.request.headers` was used when rendering the route `src/pages/atendimento/[nicho]/[bairro]/[cidade].astro'`. `Astro.request.headers` is not available on prerendered pages. If you need access to request headers, make sure that the page is server-rendered using `export const prerender = false;` or by setting `output` to `"server"` in your Astro config to make all your pages server-rendered by default.
 [2m(+169ms)[22m 
[2m18:28:23[22m   [34mÔö£ÔöÇ[39m [2m/atendimento/contadores/vila-sao-luiz/duque-de-caxias/index.html[22m[33m[1m18:28:23[22m [WARN][39m `Astro.request.headers` was used when rendering the route `src/pages/atendimento/[nicho]/[bairro]/[cidade].astro'`. `Astro.request.headers` is not available on prerendered pages. If you need access to request headers, make sure that the page is server-rendered using `export const prerender = false;` or by setting `output` to `"server"` in your Astro config to make all your pages server-rendered by default.
 [2m(+189ms)[22m 
[2m18:28:23[22m   [34mÔö£ÔöÇ[39m [2m/atendimento/contadores/centro/belford-roxo/index.html[22m[33m[1m18:28:23[22m [WARN][39m `Astro.request.headers` was used when rendering the route `src/pages/atendimento/[nicho]/[bairro]/[cidade].astro'`. `Astro.request.headers` is not available on prerendered pages. If you need access to request headers, make sure that the page is server-rendered using `export const prerender = false;` or by setting `output` to `"server"` in your Astro config to make all your pages server-rendered by default.
 [2m(+164ms)[22m 
[2m18:28:23[22m   [34mÔö£ÔöÇ[39m [2m/atendimento/contadores/areia-branca/belford-roxo/index.html[22m[33m[1m18:28:24[22m [WARN][39m `Astro.request.headers` was used when rendering the route `src/pages/atendimento/[nicho]/[bairro]/[cidade].astro'`. `Astro.request.headers` is not available on prerendered pages. If you need access to request headers, make sure that the page is server-rendered using `export const prerender = false;` or by setting `output` to `"server"` in your Astro config to make all your pages server-rendered by default.
 [2m(+184ms)[22m 
[2m18:28:24[22m   [34mÔö£ÔöÇ[39m [2m/atendimento/contadores/heli├│polis/belford-roxo/index.html[22m[33m[1m18:28:24[22m [WARN][39m `Astro.request.headers` was used when rendering the route `src/pages/atendimento/[nicho]/[bairro]/[cidade].astro'`. `Astro.request.headers` is not available on prerendered pages. If you need access to request headers, make sure that the page is server-rendered using `export const prerender = false;` or by setting `output` to `"server"` in your Astro config to make all your pages server-rendered by default.
 [2m(+182ms)[22m 
[2m18:28:24[22m   [34mÔö£ÔöÇ[39m [2m/atendimento/contadores/centro/sao-joao-de-meriti/index.html[22m[33m[1m18:28:24[22m [WARN][39m `Astro.request.headers` was used when rendering the route `src/pages/atendimento/[nicho]/[bairro]/[cidade].astro'`. `Astro.request.headers` is not available on prerendered pages. If you need access to request headers, make sure that the page is server-rendered using `export const prerender = false;` or by setting `output` to `"server"` in your Astro config to make all your pages server-rendered by default.
 [2m(+127ms)[22m 
[2m18:28:24[22m   [34mÔö£ÔöÇ[39m [2m/atendimento/contadores/vila-dias-lopes/sao-joao-de-meriti/index.html[22m[33m[1m18:28:24[22m [WARN][39m `Astro.request.headers` was used when rendering the route `src/pages/atendimento/[nicho]/[bairro]/[cidade].astro'`. `Astro.request.headers` is not available on prerendered pages. If you need access to request headers, make sure that the page is server-rendered using `export const prerender = false;` or by setting `output` to `"server"` in your Astro config to make all your pages server-rendered by default.
 [2m(+218ms)[22m 
[2m18:28:24[22m   [34mÔö£ÔöÇ[39m [2m/atendimento/contadores/centro/nilopolis/index.html[22m[33m[1m18:28:24[22m [WARN][39m `Astro.request.headers` was used when rendering the route `src/pages/atendimento/[nicho]/[bairro]/[cidade].astro'`. `Astro.request.headers` is not available on prerendered pages. If you need access to request headers, make sure that the page is server-rendered using `export const prerender = false;` or by setting `output` to `"server"` in your Astro config to make all your pages server-rendered by default.
 [2m(+154ms)[22m 
[2m18:28:24[22m   [34mÔö£ÔöÇ[39m [2m/atendimento/contadores/centro/mesquita/index.html[22m[33m[1m18:28:24[22m [WARN][39m `Astro.request.headers` was used when rendering the route `src/pages/atendimento/[nicho]/[bairro]/[cidade].astro'`. `Astro.request.headers` is not available on prerendered pages. If you need access to request headers, make sure that the page is server-rendered using `export const prerender = false;` or by setting `output` to `"server"` in your Astro config to make all your pages server-rendered by default.
 [2m(+113ms)[22m 
[2m18:28:24[22m   [34mÔö£ÔöÇ[39m [2m/atendimento/contadores/centro/queimados/index.html[22m[33m[1m18:28:25[22m [WARN][39m `Astro.request.headers` was used when rendering the route `src/pages/atendimento/[nicho]/[bairro]/[cidade].astro'`. `Astro.request.headers` is not available on prerendered pages. If you need access to request headers, make sure that the page is server-rendered using `export const prerender = false;` or by setting `output` to `"server"` in your Astro config to make all your pages server-rendered by default.
 [2m(+199ms)[22m 
[2m18:28:25[22m   [34mÔö£ÔöÇ[39m [2m/atendimento/contadores/centro/mage/index.html[22m[33m[1m18:28:25[22m [WARN][39m `Astro.request.headers` was used when rendering the route `src/pages/atendimento/[nicho]/[bairro]/[cidade].astro'`. `Astro.request.headers` is not available on prerendered pages. If you need access to request headers, make sure that the page is server-rendered using `export const prerender = false;` or by setting `output` to `"server"` in your Astro config to make all your pages server-rendered by default.
 [2m(+120ms)[22m 
[2m18:28:25[22m   [34mÔö£ÔöÇ[39m [2m/atendimento/contadores/centro/itaguai/index.html[22m[33m[1m18:28:25[22m [WARN][39m `Astro.request.headers` was used when rendering the route `src/pages/atendimento/[nicho]/[bairro]/[cidade].astro'`. `Astro.request.headers` is not available on prerendered pages. If you need access to request headers, make sure that the page is server-rendered using `export const prerender = false;` or by setting `output` to `"server"` in your Astro config to make all your pages server-rendered by default.
 [2m(+127ms)[22m 
[2m18:28:25[22m   [34mÔö£ÔöÇ[39m [2m/atendimento/contadores/centro/seropedica/index.html[22m[33m[1m18:28:25[22m [WARN][39m `Astro.request.headers` was used when rendering the route `src/pages/atendimento/[nicho]/[bairro]/[cidade].astro'`. `Astro.request.headers` is not available on prerendered pages. If you need access to request headers, make sure that the page is server-rendered using `export const prerender = false;` or by setting `output` to `"server"` in your Astro config to make all your pages server-rendered by default.
 [2m(+220ms)[22m 
[2m18:28:25[22m   [34mÔö£ÔöÇ[39m [2m/atendimento/contadores/centro/guapimirim/index.html[22m[33m[1m18:28:25[22m [WARN][39m `Astro.request.headers` was used when rendering the route `src/pages/atendimento/[nicho]/[bairro]/[cidade].astro'`. `Astro.request.headers` is not available on prerendered pages. If you need access to request headers, make sure that the page is server-rendered using `export const prerender = false;` or by setting `output` to `"server"` in your Astro config to make all your pages server-rendered by default.
 [2m(+180ms)[22m 
[2m18:28:25[22m   [34mÔö£ÔöÇ[39m [2m/atendimento/contadores/itaim-bibi/itaim-bibi/index.html[22m[33m[1m18:28:25[22m [WARN][39m `Astro.request.headers` was used when rendering the route `src/pages/atendimento/[nicho]/[bairro]/[cidade].astro'`. `Astro.request.headers` is not available on prerendered pages. If you need access to request headers, make sure that the page is server-rendered using `export const prerender = false;` or by setting `output` to `"server"` in your Astro config to make all your pages server-rendered by default.
 [2m(+218ms)[22m 
[2m18:28:25[22m   [34mÔö£ÔöÇ[39m [2m/atendimento/arquitetos/centro/nova-iguacu/index.html[22m[33m[1m18:28:26[22m [WARN][39m `Astro.request.headers` was used when rendering the route `src/pages/atendimento/[nicho]/[bairro]/[cidade].astro'`. `Astro.request.headers` is not available on prerendered pages. If you need access to request headers, make sure that the page is server-rendered using `export const prerender = false;` or by setting `output` to `"server"` in your Astro config to make all your pages server-rendered by default.
 [2m(+219ms)[22m 
[2m18:28:26[22m   [34mÔö£ÔöÇ[39m [2m/atendimento/arquitetos/centro-de-nova-iguacu/nova-iguacu/index.html[22m[33m[1m18:28:26[22m [WARN][39m `Astro.request.headers` was used when rendering the route `src/pages/atendimento/[nicho]/[bairro]/[cidade].astro'`. `Astro.request.headers` is not available on prerendered pages. If you need access to request headers, make sure that the page is server-rendered using `export const prerender = false;` or by setting `output` to `"server"` in your Astro config to make all your pages server-rendered by default.
 [2m(+197ms)[22m 
[2m18:28:26[22m   [34mÔö£ÔöÇ[39m [2m/atendimento/arquitetos/belford-roxo-centro/nova-iguacu/index.html[22m[33m[1m18:28:26[22m [WARN][39m `Astro.request.headers` was used when rendering the route `src/pages/atendimento/[nicho]/[bairro]/[cidade].astro'`. `Astro.request.headers` is not available on prerendered pages. If you need access to request headers, make sure that the page is server-rendered using `export const prerender = false;` or by setting `output` to `"server"` in your Astro config to make all your pages server-rendered by default.
 [2m(+236ms)[22m 
[2m18:28:26[22m   [34mÔö£ÔöÇ[39m [2m/atendimento/arquitetos/cabu├ºu/nova-iguacu/index.html[22m[33m[1m18:28:26[22m [WARN][39m `Astro.request.headers` was used when rendering the route `src/pages/atendimento/[nicho]/[bairro]/[cidade].astro'`. `Astro.request.headers` is not available on prerendered pages. If you need access to request headers, make sure that the page is server-rendered using `export const prerender = false;` or by setting `output` to `"server"` in your Astro config to make all your pages server-rendered by default.
 [2m(+36ms)[22m 
[2m18:28:26[22m   [34mÔö£ÔöÇ[39m [2m/atendimento/arquitetos/posse/nova-iguacu/index.html[22m[33m[1m18:28:26[22m [WARN][39m `Astro.request.headers` was used when rendering the route `src/pages/atendimento/[nicho]/[bairro]/[cidade].astro'`. `Astro.request.headers` is not available on prerendered pages. If you need access to request headers, make sure that the page is server-rendered using `export const prerender = false;` or by setting `output` to `"server"` in your Astro config to make all your pages server-rendered by default.
 [2m(+258ms)[22m 
[2m18:28:26[22m   [34mÔö£ÔöÇ[39m [2m/atendimento/arquitetos/vila-nova/nova-iguacu/index.html[22m[33m[1m18:28:26[22m [WARN][39m `Astro.request.headers` was used when rendering the route `src/pages/atendimento/[nicho]/[bairro]/[cidade].astro'`. `Astro.request.headers` is not available on prerendered pages. If you need access to request headers, make sure that the page is server-rendered using `export const prerender = false;` or by setting `output` to `"server"` in your Astro config to make all your pages server-rendered by default.
 [2m(+190ms)[22m 
[2m18:28:27[22m   [34mÔö£ÔöÇ[39m [2m/atendimento/arquitetos/centro/duque-de-caxias/index.html[22m[33m[1m18:28:27[22m [WARN][39m `Astro.request.headers` was used when rendering the route `src/pages/atendimento/[nicho]/[bairro]/[cidade].astro'`. `Astro.request.headers` is not available on prerendered pages. If you need access to request headers, make sure that the page is server-rendered using `export const prerender = false;` or by setting `output` to `"server"` in your Astro config to make all your pages server-rendered by default.
 [2m(+168ms)[22m 
[2m18:28:27[22m   [34mÔö£ÔöÇ[39m [2m/atendimento/arquitetos/jardin-camburi/duque-de-caxias/index.html[22m[33m[1m18:28:27[22m [WARN][39m `Astro.request.headers` was used when rendering the route `src/pages/atendimento/[nicho]/[bairro]/[cidade].astro'`. `Astro.request.headers` is not available on prerendered pages. If you need access to request headers, make sure that the page is server-rendered using `export const prerender = false;` or by setting `output` to `"server"` in your Astro config to make all your pages server-rendered by default.
 [2m(+216ms)[22m 
[2m18:28:27[22m   [34mÔö£ÔöÇ[39m [2m/atendimento/arquitetos/gramacho/duque-de-caxias/index.html[22m[33m[1m18:28:27[22m [WARN][39m `Astro.request.headers` was used when rendering the route `src/pages/atendimento/[nicho]/[bairro]/[cidade].astro'`. `Astro.request.headers` is not available on prerendered pages. If you need access to request headers, make sure that the page is server-rendered using `export const prerender = false;` or by setting `output` to `"server"` in your Astro config to make all your pages server-rendered by default.
 [2m(+215ms)[22m 
[2m18:28:27[22m   [34mÔö£ÔöÇ[39m [2m/atendimento/arquitetos/parque-duque/duque-de-caxias/index.html[22m[33m[1m18:28:27[22m [WARN][39m `Astro.request.headers` was used when rendering the route `src/pages/atendimento/[nicho]/[bairro]/[cidade].astro'`. `Astro.request.headers` is not available on prerendered pages. If you need access to request headers, make sure that the page is server-rendered using `export const prerender = false;` or by setting `output` to `"server"` in your Astro config to make all your pages server-rendered by default.
 [2m(+211ms)[22m 
[2m18:28:27[22m   [34mÔö£ÔöÇ[39m [2m/atendimento/arquitetos/vila-sao-luiz/duque-de-caxias/index.html[22m[33m[1m18:28:27[22m [WARN][39m `Astro.request.headers` was used when rendering the route `src/pages/atendimento/[nicho]/[bairro]/[cidade].astro'`. `Astro.request.headers` is not available on prerendered pages. If you need access to request headers, make sure that the page is server-rendered using `export const prerender = false;` or by setting `output` to `"server"` in your Astro config to make all your pages server-rendered by default.
 [2m(+124ms)[22m 
[2m18:28:28[22m   [34mÔö£ÔöÇ[39m [2m/atendimento/arquitetos/centro/belford-roxo/index.html[22m[33m[1m18:28:28[22m [WARN][39m `Astro.request.headers` was used when rendering the route `src/pages/atendimento/[nicho]/[bairro]/[cidade].astro'`. `Astro.request.headers` is not available on prerendered pages. If you need access to request headers, make sure that the page is server-rendered using `export const prerender = false;` or by setting `output` to `"server"` in your Astro config to make all your pages server-rendered by default.
 [2m(+130ms)[22m 
[2m18:28:28[22m   [34mÔö£ÔöÇ[39m [2m/atendimento/arquitetos/areia-branca/belford-roxo/index.html[22m[33m[1m18:28:28[22m [WARN][39m `Astro.request.headers` was used when rendering the route `src/pages/atendimento/[nicho]/[bairro]/[cidade].astro'`. `Astro.request.headers` is not available on prerendered pages. If you need access to request headers, make sure that the page is server-rendered using `export const prerender = false;` or by setting `output` to `"server"` in your Astro config to make all your pages server-rendered by default.
 [2m(+198ms)[22m 
[2m18:28:28[22m   [34mÔö£ÔöÇ[39m [2m/atendimento/arquitetos/heli├│polis/belford-roxo/index.html[22m[33m[1m18:28:28[22m [WARN][39m `Astro.request.headers` was used when rendering the route `src/pages/atendimento/[nicho]/[bairro]/[cidade].astro'`. `Astro.request.headers` is not available on prerendered pages. If you need access to request headers, make sure that the page is server-rendered using `export const prerender = false;` or by setting `output` to `"server"` in your Astro config to make all your pages server-rendered by default.
 [2m(+101ms)[22m 
[2m18:28:28[22m   [34mÔö£ÔöÇ[39m [2m/atendimento/arquitetos/centro/sao-joao-de-meriti/index.html[22m[33m[1m18:28:28[22m [WARN][39m `Astro.request.headers` was used when rendering the route `src/pages/atendimento/[nicho]/[bairro]/[cidade].astro'`. `Astro.request.headers` is not available on prerendered pages. If you need access to request headers, make sure that the page is server-rendered using `export const prerender = false;` or by setting `output` to `"server"` in your Astro config to make all your pages server-rendered by default.
 [2m(+133ms)[22m 
[2m18:28:28[22m   [34mÔö£ÔöÇ[39m [2m/atendimento/arquitetos/vila-dias-lopes/sao-joao-de-meriti/index.html[22m[33m[1m18:28:28[22m [WARN][39m `Astro.request.headers` was used when rendering the route `src/pages/atendimento/[nicho]/[bairro]/[cidade].astro'`. `Astro.request.headers` is not available on prerendered pages. If you need access to request headers, make sure that the page is server-rendered using `export const prerender = false;` or by setting `output` to `"server"` in your Astro config to make all your pages server-rendered by default.
 [2m(+260ms)[22m 
[2m18:28:28[22m   [34mÔö£ÔöÇ[39m [2m/atendimento/arquitetos/centro/nilopolis/index.html[22m[33m[1m18:28:28[22m [WARN][39m `Astro.request.headers` was used when rendering the route `src/pages/atendimento/[nicho]/[bairro]/[cidade].astro'`. `Astro.request.headers` is not available on prerendered pages. If you need access to request headers, make sure that the page is server-rendered using `export const prerender = false;` or by setting `output` to `"server"` in your Astro config to make all your pages server-rendered by default.
 [2m(+55ms)[22m 
[2m18:28:28[22m   [34mÔö£ÔöÇ[39m [2m/atendimento/arquitetos/centro/mesquita/index.html[22m[33m[1m18:28:29[22m [WARN][39m `Astro.request.headers` was used when rendering the route `src/pages/atendimento/[nicho]/[bairro]/[cidade].astro'`. `Astro.request.headers` is not available on prerendered pages. If you need access to request headers, make sure that the page is server-rendered using `export const prerender = false;` or by setting `output` to `"server"` in your Astro config to make all your pages server-rendered by default.
 [2m(+114ms)[22m 
[2m18:28:29[22m   [34mÔö£ÔöÇ[39m [2m/atendimento/arquitetos/centro/queimados/index.html[22m[33m[1m18:28:29[22m [WARN][39m `Astro.request.headers` was used when rendering the route `src/pages/atendimento/[nicho]/[bairro]/[cidade].astro'`. `Astro.request.headers` is not available on prerendered pages. If you need access to request headers, make sure that the page is server-rendered using `export const prerender = false;` or by setting `output` to `"server"` in your Astro config to make all your pages server-rendered by default.
 [2m(+249ms)[22m 
[2m18:28:29[22m   [34mÔö£ÔöÇ[39m [2m/atendimento/arquitetos/centro/mage/index.html[22m[33m[1m18:28:29[22m [WARN][39m `Astro.request.headers` was used when rendering the route `src/pages/atendimento/[nicho]/[bairro]/[cidade].astro'`. `Astro.request.headers` is not available on prerendered pages. If you need access to request headers, make sure that the page is server-rendered using `export const prerender = false;` or by setting `output` to `"server"` in your Astro config to make all your pages server-rendered by default.
 [2m(+84ms)[22m 
[2m18:28:29[22m   [34mÔö£ÔöÇ[39m [2m/atendimento/arquitetos/centro/itaguai/index.html[22m[33m[1m18:28:29[22m [WARN][39m `Astro.request.headers` was used when rendering the route `src/pages/atendimento/[nicho]/[bairro]/[cidade].astro'`. `Astro.request.headers` is not available on prerendered pages. If you need access to request headers, make sure that the page is server-rendered using `export const prerender = false;` or by setting `output` to `"server"` in your Astro config to make all your pages server-rendered by default.
 [2m(+72ms)[22m 
[2m18:28:29[22m   [34mÔö£ÔöÇ[39m [2m/atendimento/arquitetos/centro/seropedica/index.html[22m[33m[1m18:28:29[22m [WARN][39m `Astro.request.headers` was used when rendering the route `src/pages/atendimento/[nicho]/[bairro]/[cidade].astro'`. `Astro.request.headers` is not available on prerendered pages. If you need access to request headers, make sure that the page is server-rendered using `export const prerender = false;` or by setting `output` to `"server"` in your Astro config to make all your pages server-rendered by default.
 [2m(+249ms)[22m 
[2m18:28:29[22m   [34mÔö£ÔöÇ[39m [2m/atendimento/arquitetos/centro/guapimirim/index.html[22m[33m[1m18:28:29[22m [WARN][39m `Astro.request.headers` was used when rendering the route `src/pages/atendimento/[nicho]/[bairro]/[cidade].astro'`. `Astro.request.headers` is not available on prerendered pages. If you need access to request headers, make sure that the page is server-rendered using `export const prerender = false;` or by setting `output` to `"server"` in your Astro config to make all your pages server-rendered by default.
 [2m(+131ms)[22m 
[2m18:28:29[22m   [34mÔö£ÔöÇ[39m [2m/atendimento/arquitetos/itaim-bibi/itaim-bibi/index.html[22m[33m[1m18:28:29[22m [WARN][39m `Astro.request.headers` was used when rendering the route `src/pages/atendimento/[nicho]/[bairro]/[cidade].astro'`. `Astro.request.headers` is not available on prerendered pages. If you need access to request headers, make sure that the page is server-rendered using `export const prerender = false;` or by setting `output` to `"server"` in your Astro config to make all your pages server-rendered by default.
 [2m(+161ms)[22m 
[2m18:28:30[22m   [34mÔö£ÔöÇ[39m [2m/atendimento/psicologos/centro/nova-iguacu/index.html[22m[33m[1m18:28:30[22m [WARN][39m `Astro.request.headers` was used when rendering the route `src/pages/atendimento/[nicho]/[bairro]/[cidade].astro'`. `Astro.request.headers` is not available on prerendered pages. If you need access to request headers, make sure that the page is server-rendered using `export const prerender = false;` or by setting `output` to `"server"` in your Astro config to make all your pages server-rendered by default.
 [2m(+157ms)[22m 
[2m18:28:30[22m   [34mÔö£ÔöÇ[39m [2m/atendimento/psicologos/centro-de-nova-iguacu/nova-iguacu/index.html[22m[33m[1m18:28:30[22m [WARN][39m `Astro.request.headers` was used when rendering the route `src/pages/atendimento/[nicho]/[bairro]/[cidade].astro'`. `Astro.request.headers` is not available on prerendered pages. If you need access to request headers, make sure that the page is server-rendered using `export const prerender = false;` or by setting `output` to `"server"` in your Astro config to make all your pages server-rendered by default.
 [2m(+165ms)[22m 
[2m18:28:30[22m   [34mÔö£ÔöÇ[39m [2m/atendimento/psicologos/belford-roxo-centro/nova-iguacu/index.html[22m[33m[1m18:28:30[22m [WARN][39m `Astro.request.headers` was used when rendering the route `src/pages/atendimento/[nicho]/[bairro]/[cidade].astro'`. `Astro.request.headers` is not available on prerendered pages. If you need access to request headers, make sure that the page is server-rendered using `export const prerender = false;` or by setting `output` to `"server"` in your Astro config to make all your pages server-rendered by default.
 [2m(+182ms)[22m 
[2m18:28:30[22m   [34mÔö£ÔöÇ[39m [2m/atendimento/psicologos/cabu├ºu/nova-iguacu/index.html[22m[33m[1m18:28:30[22m [WARN][39m `Astro.request.headers` was used when rendering the route `src/pages/atendimento/[nicho]/[bairro]/[cidade].astro'`. `Astro.request.headers` is not available on prerendered pages. If you need access to request headers, make sure that the page is server-rendered using `export const prerender = false;` or by setting `output` to `"server"` in your Astro config to make all your pages server-rendered by default.
 [2m(+114ms)[22m 
[2m18:28:30[22m   [34mÔö£ÔöÇ[39m [2m/atendimento/psicologos/posse/nova-iguacu/index.html[22m[33m[1m18:28:30[22m [WARN][39m `Astro.request.headers` was used when rendering the route `src/pages/atendimento/[nicho]/[bairro]/[cidade].astro'`. `Astro.request.headers` is not available on prerendered pages. If you need access to request headers, make sure that the page is server-rendered using `export const prerender = false;` or by setting `output` to `"server"` in your Astro config to make all your pages server-rendered by default.
 [2m(+132ms)[22m 
[2m18:28:30[22m   [34mÔö£ÔöÇ[39m [2m/atendimento/psicologos/vila-nova/nova-iguacu/index.html[22m[33m[1m18:28:30[22m [WARN][39m `Astro.request.headers` was used when rendering the route `src/pages/atendimento/[nicho]/[bairro]/[cidade].astro'`. `Astro.request.headers` is not available on prerendered pages. If you need access to request headers, make sure that the page is server-rendered using `export const prerender = false;` or by setting `output` to `"server"` in your Astro config to make all your pages server-rendered by default.
 [2m(+158ms)[22m 
[2m18:28:30[22m   [34mÔö£ÔöÇ[39m [2m/atendimento/psicologos/centro/duque-de-caxias/index.html[22m[33m[1m18:28:30[22m [WARN][39m `Astro.request.headers` was used when rendering the route `src/pages/atendimento/[nicho]/[bairro]/[cidade].astro'`. `Astro.request.headers` is not available on prerendered pages. If you need access to request headers, make sure that the page is server-rendered using `export const prerender = false;` or by setting `output` to `"server"` in your Astro config to make all your pages server-rendered by default.
 [2m(+111ms)[22m 
[2m18:28:31[22m   [34mÔö£ÔöÇ[39m [2m/atendimento/psicologos/jardin-camburi/duque-de-caxias/index.html[22m[33m[1m18:28:31[22m [WARN][39m `Astro.request.headers` was used when rendering the route `src/pages/atendimento/[nicho]/[bairro]/[cidade].astro'`. `Astro.request.headers` is not available on prerendered pages. If you need access to request headers, make sure that the page is server-rendered using `export const prerender = false;` or by setting `output` to `"server"` in your Astro config to make all your pages server-rendered by default.
 [2m(+170ms)[22m 
[2m18:28:31[22m   [34mÔö£ÔöÇ[39m [2m/atendimento/psicologos/gramacho/duque-de-caxias/index.html[22m[33m[1m18:28:31[22m [WARN][39m `Astro.request.headers` was used when rendering the route `src/pages/atendimento/[nicho]/[bairro]/[cidade].astro'`. `Astro.request.headers` is not available on prerendered pages. If you need access to request headers, make sure that the page is server-rendered using `export const prerender = false;` or by setting `output` to `"server"` in your Astro config to make all your pages server-rendered by default.
 [2m(+184ms)[22m 
[2m18:28:31[22m   [34mÔö£ÔöÇ[39m [2m/atendimento/psicologos/parque-duque/duque-de-caxias/index.html[22m[33m[1m18:28:31[22m [WARN][39m `Astro.request.headers` was used when rendering the route `src/pages/atendimento/[nicho]/[bairro]/[cidade].astro'`. `Astro.request.headers` is not available on prerendered pages. If you need access to request headers, make sure that the page is server-rendered using `export const prerender = false;` or by setting `output` to `"server"` in your Astro config to make all your pages server-rendered by default.
 [2m(+59ms)[22m 
[2m18:28:31[22m   [34mÔö£ÔöÇ[39m [2m/atendimento/psicologos/vila-sao-luiz/duque-de-caxias/index.html[22m[33m[1m18:28:31[22m [WARN][39m `Astro.request.headers` was used when rendering the route `src/pages/atendimento/[nicho]/[bairro]/[cidade].astro'`. `Astro.request.headers` is not available on prerendered pages. If you need access to request headers, make sure that the page is server-rendered using `export const prerender = false;` or by setting `output` to `"server"` in your Astro config to make all your pages server-rendered by default.
 [2m(+188ms)[22m 
[2m18:28:31[22m   [34mÔö£ÔöÇ[39m [2m/atendimento/psicologos/centro/belford-roxo/index.html[22m[33m[1m18:28:31[22m [WARN][39m `Astro.request.headers` was used when rendering the route `src/pages/atendimento/[nicho]/[bairro]/[cidade].astro'`. `Astro.request.headers` is not available on prerendered pages. If you need access to request headers, make sure that the page is server-rendered using `export const prerender = false;` or by setting `output` to `"server"` in your Astro config to make all your pages server-rendered by default.
 [2m(+148ms)[22m 
[2m18:28:31[22m   [34mÔö£ÔöÇ[39m [2m/atendimento/psicologos/areia-branca/belford-roxo/index.html[22m[33m[1m18:28:31[22m [WARN][39m `Astro.request.headers` was used when rendering the route `src/pages/atendimento/[nicho]/[bairro]/[cidade].astro'`. `Astro.request.headers` is not available on prerendered pages. If you need access to request headers, make sure that the page is server-rendered using `export const prerender = false;` or by setting `output` to `"server"` in your Astro config to make all your pages server-rendered by default.
 [2m(+200ms)[22m 
[2m18:28:31[22m   [34mÔö£ÔöÇ[39m [2m/atendimento/psicologos/heli├│polis/belford-roxo/index.html[22m[33m[1m18:28:32[22m [WARN][39m `Astro.request.headers` was used when rendering the route `src/pages/atendimento/[nicho]/[bairro]/[cidade].astro'`. `Astro.request.headers` is not available on prerendered pages. If you need access to request headers, make sure that the page is server-rendered using `export const prerender = false;` or by setting `output` to `"server"` in your Astro config to make all your pages server-rendered by default.
 [2m(+85ms)[22m 
[2m18:28:32[22m   [34mÔö£ÔöÇ[39m [2m/atendimento/psicologos/centro/sao-joao-de-meriti/index.html[22m[33m[1m18:28:32[22m [WARN][39m `Astro.request.headers` was used when rendering the route `src/pages/atendimento/[nicho]/[bairro]/[cidade].astro'`. `Astro.request.headers` is not available on prerendered pages. If you need access to request headers, make sure that the page is server-rendered using `export const prerender = false;` or by setting `output` to `"server"` in your Astro config to make all your pages server-rendered by default.
 [2m(+130ms)[22m 
[2m18:28:32[22m   [34mÔö£ÔöÇ[39m [2m/atendimento/psicologos/vila-dias-lopes/sao-joao-de-meriti/index.html[22m[33m[1m18:28:32[22m [WARN][39m `Astro.request.headers` was used when rendering the route `src/pages/atendimento/[nicho]/[bairro]/[cidade].astro'`. `Astro.request.headers` is not available on prerendered pages. If you need access to request headers, make sure that the page is server-rendered using `export const prerender = false;` or by setting `output` to `"server"` in your Astro config to make all your pages server-rendered by default.
 [2m(+322ms)[22m 
[2m18:28:32[22m   [34mÔö£ÔöÇ[39m [2m/atendimento/psicologos/centro/nilopolis/index.html[22m[33m[1m18:28:32[22m [WARN][39m `Astro.request.headers` was used when rendering the route `src/pages/atendimento/[nicho]/[bairro]/[cidade].astro'`. `Astro.request.headers` is not available on prerendered pages. If you need access to request headers, make sure that the page is server-rendered using `export const prerender = false;` or by setting `output` to `"server"` in your Astro config to make all your pages server-rendered by default.
 [2m(+92ms)[22m 
[2m18:28:32[22m   [34mÔö£ÔöÇ[39m [2m/atendimento/psicologos/centro/mesquita/index.html[22m[33m[1m18:28:32[22m [WARN][39m `Astro.request.headers` was used when rendering the route `src/pages/atendimento/[nicho]/[bairro]/[cidade].astro'`. `Astro.request.headers` is not available on prerendered pages. If you need access to request headers, make sure that the page is server-rendered using `export const prerender = false;` or by setting `output` to `"server"` in your Astro config to make all your pages server-rendered by default.
 [2m(+114ms)[22m 
[2m18:28:32[22m   [34mÔö£ÔöÇ[39m [2m/atendimento/psicologos/centro/queimados/index.html[22m[33m[1m18:28:32[22m [WARN][39m `Astro.request.headers` was used when rendering the route `src/pages/atendimento/[nicho]/[bairro]/[cidade].astro'`. `Astro.request.headers` is not available on prerendered pages. If you need access to request headers, make sure that the page is server-rendered using `export const prerender = false;` or by setting `output` to `"server"` in your Astro config to make all your pages server-rendered by default.
 [2m(+223ms)[22m 
[2m18:28:32[22m   [34mÔö£ÔöÇ[39m [2m/atendimento/psicologos/centro/mage/index.html[22m[33m[1m18:28:32[22m [WARN][39m `Astro.request.headers` was used when rendering the route `src/pages/atendimento/[nicho]/[bairro]/[cidade].astro'`. `Astro.request.headers` is not available on prerendered pages. If you need access to request headers, make sure that the page is server-rendered using `export const prerender = false;` or by setting `output` to `"server"` in your Astro config to make all your pages server-rendered by default.
 [2m(+118ms)[22m 
[2m18:28:33[22m   [34mÔö£ÔöÇ[39m [2m/atendimento/psicologos/centro/itaguai/index.html[22m[33m[1m18:28:33[22m [WARN][39m `Astro.request.headers` was used when rendering the route `src/pages/atendimento/[nicho]/[bairro]/[cidade].astro'`. `Astro.request.headers` is not available on prerendered pages. If you need access to request headers, make sure that the page is server-rendered using `export const prerender = false;` or by setting `output` to `"server"` in your Astro config to make all your pages server-rendered by default.
 [2m(+44ms)[22m 
[2m18:28:33[22m   [34mÔö£ÔöÇ[39m [2m/atendimento/psicologos/centro/seropedica/index.html[22m[33m[1m18:28:33[22m [WARN][39m `Astro.request.headers` was used when rendering the route `src/pages/atendimento/[nicho]/[bairro]/[cidade].astro'`. `Astro.request.headers` is not available on prerendered pages. If you need access to request headers, make sure that the page is server-rendered using `export const prerender = false;` or by setting `output` to `"server"` in your Astro config to make all your pages server-rendered by default.
 [2m(+295ms)[22m 
[2m18:28:33[22m   [34mÔö£ÔöÇ[39m [2m/atendimento/psicologos/centro/guapimirim/index.html[22m[33m[1m18:28:33[22m [WARN][39m `Astro.request.headers` was used when rendering the route `src/pages/atendimento/[nicho]/[bairro]/[cidade].astro'`. `Astro.request.headers` is not available on prerendered pages. If you need access to request headers, make sure that the page is server-rendered using `export const prerender = false;` or by setting `output` to `"server"` in your Astro config to make all your pages server-rendered by default.
 [2m(+123ms)[22m 
[2m18:28:33[22m   [34mÔö£ÔöÇ[39m [2m/atendimento/psicologos/itaim-bibi/itaim-bibi/index.html[22m[33m[1m18:28:33[22m [WARN][39m `Astro.request.headers` was used when rendering the route `src/pages/atendimento/[nicho]/[bairro]/[cidade].astro'`. `Astro.request.headers` is not available on prerendered pages. If you need access to request headers, make sure that the page is server-rendered using `export const prerender = false;` or by setting `output` to `"server"` in your Astro config to make all your pages server-rendered by default.
 [2m(+195ms)[22m 
[2m18:28:33[22m   [34mÔö£ÔöÇ[39m [2m/atendimento/dentistas/centro/nova-iguacu/index.html[22m[33m[1m18:28:33[22m [WARN][39m `Astro.request.headers` was used when rendering the route `src/pages/atendimento/[nicho]/[bairro]/[cidade].astro'`. `Astro.request.headers` is not available on prerendered pages. If you need access to request headers, make sure that the page is server-rendered using `export const prerender = false;` or by setting `output` to `"server"` in your Astro config to make all your pages server-rendered by default.
 [2m(+282ms)[22m 
[2m18:28:34[22m   [34mÔö£ÔöÇ[39m [2m/atendimento/dentistas/centro-de-nova-iguacu/nova-iguacu/index.html[22m[33m[1m18:28:34[22m [WARN][39m `Astro.request.headers` was used when rendering the route `src/pages/atendimento/[nicho]/[bairro]/[cidade].astro'`. `Astro.request.headers` is not available on prerendered pages. If you need access to request headers, make sure that the page is server-rendered using `export const prerender = false;` or by setting `output` to `"server"` in your Astro config to make all your pages server-rendered by default.
 [2m(+186ms)[22m 
[2m18:28:34[22m   [34mÔö£ÔöÇ[39m [2m/atendimento/dentistas/belford-roxo-centro/nova-iguacu/index.html[22m[33m[1m18:28:34[22m [WARN][39m `Astro.request.headers` was used when rendering the route `src/pages/atendimento/[nicho]/[bairro]/[cidade].astro'`. `Astro.request.headers` is not available on prerendered pages. If you need access to request headers, make sure that the page is server-rendered using `export const prerender = false;` or by setting `output` to `"server"` in your Astro config to make all your pages server-rendered by default.
 [2m(+256ms)[22m 
[2m18:28:34[22m   [34mÔö£ÔöÇ[39m [2m/atendimento/dentistas/cabu├ºu/nova-iguacu/index.html[22m[33m[1m18:28:34[22m [WARN][39m `Astro.request.headers` was used when rendering the route `src/pages/atendimento/[nicho]/[bairro]/[cidade].astro'`. `Astro.request.headers` is not available on prerendered pages. If you need access to request headers, make sure that the page is server-rendered using `export const prerender = false;` or by setting `output` to `"server"` in your Astro config to make all your pages server-rendered by default.
 [2m(+229ms)[22m 
[2m18:28:34[22m   [34mÔö£ÔöÇ[39m [2m/atendimento/dentistas/posse/nova-iguacu/index.html[22m[33m[1m18:28:34[22m [WARN][39m `Astro.request.headers` was used when rendering the route `src/pages/atendimento/[nicho]/[bairro]/[cidade].astro'`. `Astro.request.headers` is not available on prerendered pages. If you need access to request headers, make sure that the page is server-rendered using `export const prerender = false;` or by setting `output` to `"server"` in your Astro config to make all your pages server-rendered by default.
 [2m(+220ms)[22m 
[2m18:28:34[22m   [34mÔö£ÔöÇ[39m [2m/atendimento/dentistas/vila-nova/nova-iguacu/index.html[22m[33m[1m18:28:34[22m [WARN][39m `Astro.request.headers` was used when rendering the route `src/pages/atendimento/[nicho]/[bairro]/[cidade].astro'`. `Astro.request.headers` is not available on prerendered pages. If you need access to request headers, make sure that the page is server-rendered using `export const prerender = false;` or by setting `output` to `"server"` in your Astro config to make all your pages server-rendered by default.
 [2m(+209ms)[22m 
[2m18:28:35[22m   [34mÔö£ÔöÇ[39m [2m/atendimento/dentistas/centro/duque-de-caxias/index.html[22m[33m[1m18:28:35[22m [WARN][39m `Astro.request.headers` was used when rendering the route `src/pages/atendimento/[nicho]/[bairro]/[cidade].astro'`. `Astro.request.headers` is not available on prerendered pages. If you need access to request headers, make sure that the page is server-rendered using `export const prerender = false;` or by setting `output` to `"server"` in your Astro config to make all your pages server-rendered by default.
 [2m(+232ms)[22m 
[2m18:28:35[22m   [34mÔö£ÔöÇ[39m [2m/atendimento/dentistas/jardin-camburi/duque-de-caxias/index.html[22m[33m[1m18:28:35[22m [WARN][39m `Astro.request.headers` was used when rendering the route `src/pages/atendimento/[nicho]/[bairro]/[cidade].astro'`. `Astro.request.headers` is not available on prerendered pages. If you need access to request headers, make sure that the page is server-rendered using `export const prerender = false;` or by setting `output` to `"server"` in your Astro config to make all your pages server-rendered by default.
 [2m(+379ms)[22m 
[2m18:28:35[22m   [34mÔö£ÔöÇ[39m [2m/atendimento/dentistas/gramacho/duque-de-caxias/index.html[22m[33m[1m18:28:35[22m [WARN][39m `Astro.request.headers` was used when rendering the route `src/pages/atendimento/[nicho]/[bairro]/[cidade].astro'`. `Astro.request.headers` is not available on prerendered pages. If you need access to request headers, make sure that the page is server-rendered using `export const prerender = false;` or by setting `output` to `"server"` in your Astro config to make all your pages server-rendered by default.
 [2m(+362ms)[22m 
[2m18:28:36[22m   [34mÔö£ÔöÇ[39m [2m/atendimento/dentistas/parque-duque/duque-de-caxias/index.html[22m[33m[1m18:28:36[22m [WARN][39m `Astro.request.headers` was used when rendering the route `src/pages/atendimento/[nicho]/[bairro]/[cidade].astro'`. `Astro.request.headers` is not available on prerendered pages. If you need access to request headers, make sure that the page is server-rendered using `export const prerender = false;` or by setting `output` to `"server"` in your Astro config to make all your pages server-rendered by default.
 [2m(+360ms)[22m 
[2m18:28:36[22m   [34mÔö£ÔöÇ[39m [2m/atendimento/dentistas/vila-sao-luiz/duque-de-caxias/index.html[22m[33m[1m18:28:36[22m [WARN][39m `Astro.request.headers` was used when rendering the route `src/pages/atendimento/[nicho]/[bairro]/[cidade].astro'`. `Astro.request.headers` is not available on prerendered pages. If you need access to request headers, make sure that the page is server-rendered using `export const prerender = false;` or by setting `output` to `"server"` in your Astro config to make all your pages server-rendered by default.
 [2m(+181ms)[22m 
[2m18:28:36[22m   [34mÔö£ÔöÇ[39m [2m/atendimento/dentistas/centro/belford-roxo/index.html[22m[33m[1m18:28:36[22m [WARN][39m `Astro.request.headers` was used when rendering the route `src/pages/atendimento/[nicho]/[bairro]/[cidade].astro'`. `Astro.request.headers` is not available on prerendered pages. If you need access to request headers, make sure that the page is server-rendered using `export const prerender = false;` or by setting `output` to `"server"` in your Astro config to make all your pages server-rendered by default.
 [2m(+211ms)[22m 
[2m18:28:36[22m   [34mÔö£ÔöÇ[39m [2m/atendimento/dentistas/areia-branca/belford-roxo/index.html[22m[33m[1m18:28:37[22m [WARN][39m `Astro.request.headers` was used when rendering the route `src/pages/atendimento/[nicho]/[bairro]/[cidade].astro'`. `Astro.request.headers` is not available on prerendered pages. If you need access to request headers, make sure that the page is server-rendered using `export const prerender = false;` or by setting `output` to `"server"` in your Astro config to make all your pages server-rendered by default.
 [2m(+440ms)[22m 
[2m18:28:37[22m   [34mÔö£ÔöÇ[39m [2m/atendimento/dentistas/heli├│polis/belford-roxo/index.html[22m[33m[1m18:28:37[22m [WARN][39m `Astro.request.headers` was used when rendering the route `src/pages/atendimento/[nicho]/[bairro]/[cidade].astro'`. `Astro.request.headers` is not available on prerendered pages. If you need access to request headers, make sure that the page is server-rendered using `export const prerender = false;` or by setting `output` to `"server"` in your Astro config to make all your pages server-rendered by default.
 [2m(+165ms)[22m 
[2m18:28:37[22m   [34mÔö£ÔöÇ[39m [2m/atendimento/dentistas/centro/sao-joao-de-meriti/index.html[22m[33m[1m18:28:37[22m [WARN][39m `Astro.request.headers` was used when rendering the route `src/pages/atendimento/[nicho]/[bairro]/[cidade].astro'`. `Astro.request.headers` is not available on prerendered pages. If you need access to request headers, make sure that the page is server-rendered using `export const prerender = false;` or by setting `output` to `"server"` in your Astro config to make all your pages server-rendered by default.
 [2m(+295ms)[22m 
[2m18:28:37[22m   [34mÔö£ÔöÇ[39m [2m/atendimento/dentistas/vila-dias-lopes/sao-joao-de-meriti/index.html[22m[33m[1m18:28:37[22m [WARN][39m `Astro.request.headers` was used when rendering the route `src/pages/atendimento/[nicho]/[bairro]/[cidade].astro'`. `Astro.request.headers` is not available on prerendered pages. If you need access to request headers, make sure that the page is server-rendered using `export const prerender = false;` or by setting `output` to `"server"` in your Astro config to make all your pages server-rendered by default.
 [2m(+233ms)[22m 
[2m18:28:38[22m   [34mÔö£ÔöÇ[39m [2m/atendimento/dentistas/centro/nilopolis/index.html[22m[33m[1m18:28:38[22m [WARN][39m `Astro.request.headers` was used when rendering the route `src/pages/atendimento/[nicho]/[bairro]/[cidade].astro'`. `Astro.request.headers` is not available on prerendered pages. If you need access to request headers, make sure that the page is server-rendered using `export const prerender = false;` or by setting `output` to `"server"` in your Astro config to make all your pages server-rendered by default.
 [2m(+198ms)[22m 
[2m18:28:38[22m   [34mÔö£ÔöÇ[39m [2m/atendimento/dentistas/centro/mesquita/index.html[22m[33m[1m18:28:38[22m [WARN][39m `Astro.request.headers` was used when rendering the route `src/pages/atendimento/[nicho]/[bairro]/[cidade].astro'`. `Astro.request.headers` is not available on prerendered pages. If you need access to request headers, make sure that the page is server-rendered using `export const prerender = false;` or by setting `output` to `"server"` in your Astro config to make all your pages server-rendered by default.
 [2m(+426ms)[22m 
[2m18:28:38[22m   [34mÔö£ÔöÇ[39m [2m/atendimento/dentistas/centro/queimados/index.html[22m[33m[1m18:28:38[22m [WARN][39m `Astro.request.headers` was used when rendering the route `src/pages/atendimento/[nicho]/[bairro]/[cidade].astro'`. `Astro.request.headers` is not available on prerendered pages. If you need access to request headers, make sure that the page is server-rendered using `export const prerender = false;` or by setting `output` to `"server"` in your Astro config to make all your pages server-rendered by default.
 [2m(+216ms)[22m 
[2m18:28:38[22m   [34mÔö£ÔöÇ[39m [2m/atendimento/dentistas/centro/mage/index.html[22m[33m[1m18:28:38[22m [WARN][39m `Astro.request.headers` was used when rendering the route `src/pages/atendimento/[nicho]/[bairro]/[cidade].astro'`. `Astro.request.headers` is not available on prerendered pages. If you need access to request headers, make sure that the page is server-rendered using `export const prerender = false;` or by setting `output` to `"server"` in your Astro config to make all your pages server-rendered by default.
 [31m(+501ms)[39m 
[2m18:28:39[22m   [34mÔö£ÔöÇ[39m [2m/atendimento/dentistas/centro/itaguai/index.html[22m[33m[1m18:28:39[22m [WARN][39m `Astro.request.headers` was used when rendering the route `src/pages/atendimento/[nicho]/[bairro]/[cidade].astro'`. `Astro.request.headers` is not available on prerendered pages. If you need access to request headers, make sure that the page is server-rendered using `export const prerender = false;` or by setting `output` to `"server"` in your Astro config to make all your pages server-rendered by default.
 [2m(+481ms)[22m 
[2m18:28:39[22m   [34mÔö£ÔöÇ[39m [2m/atendimento/dentistas/centro/seropedica/index.html[22m[33m[1m18:28:39[22m [WARN][39m `Astro.request.headers` was used when rendering the route `src/pages/atendimento/[nicho]/[bairro]/[cidade].astro'`. `Astro.request.headers` is not available on prerendered pages. If you need access to request headers, make sure that the page is server-rendered using `export const prerender = false;` or by setting `output` to `"server"` in your Astro config to make all your pages server-rendered by default.
 [2m(+268ms)[22m 
[2m18:28:40[22m   [34mÔö£ÔöÇ[39m [2m/atendimento/dentistas/centro/guapimirim/index.html[22m[33m[1m18:28:40[22m [WARN][39m `Astro.request.headers` was used when rendering the route `src/pages/atendimento/[nicho]/[bairro]/[cidade].astro'`. `Astro.request.headers` is not available on prerendered pages. If you need access to request headers, make sure that the page is server-rendered using `export const prerender = false;` or by setting `output` to `"server"` in your Astro config to make all your pages server-rendered by default.
 [2m(+156ms)[22m 
[2m18:28:40[22m   [34mÔööÔöÇ[39m [2m/atendimento/dentistas/itaim-bibi/itaim-bibi/index.html[22m[33m[1m18:28:40[22m [WARN][39m `Astro.request.headers` was used when rendering the route `src/pages/atendimento/[nicho]/[bairro]/[cidade].astro'`. `Astro.request.headers` is not available on prerendered pages. If you need access to request headers, make sure that the page is server-rendered using `export const prerender = false;` or by setting `output` to `"server"` in your Astro config to make all your pages server-rendered by default.
 [2m(+279ms)[22m 
[2m18:28:40[22m [32mÔûÂ[39m src/pages/blog/[slug].astro
[2m18:28:40[22m   [34mÔö£ÔöÇ[39m [2m/blog/10-erros-que-fazem-um-site-nao-gerar-clientes/index.html[22m[33m[1m18:28:40[22m [WARN][39m `Astro.request.headers` was used when rendering the route `src/pages/blog/[slug].astro'`. `Astro.request.headers` is not available on prerendered pages. If you need access to request headers, make sure that the page is server-rendered using `export const prerender = false;` or by setting `output` to `"server"` in your Astro config to make all your pages server-rendered by default.
 [2m(+61ms)[22m 
[2m18:28:41[22m   [34mÔö£ÔöÇ[39m [2m/blog/checklist-antes-de-contratar-criacao-de-site/index.html[22m[33m[1m18:28:41[22m [WARN][39m `Astro.request.headers` was used when rendering the route `src/pages/blog/[slug].astro'`. `Astro.request.headers` is not available on prerendered pages. If you need access to request headers, make sure that the page is server-rendered using `export const prerender = false;` or by setting `output` to `"server"` in your Astro config to make all your pages server-rendered by default.
 [2m(+101ms)[22m 
[2m18:28:41[22m   [34mÔö£ÔöÇ[39m [2m/blog/como-aparecer-no-google-com-site-novo/index.html[22m[33m[1m18:28:41[22m [WARN][39m `Astro.request.headers` was used when rendering the route `src/pages/blog/[slug].astro'`. `Astro.request.headers` is not available on prerendered pages. If you need access to request headers, make sure that the page is server-rendered using `export const prerender = false;` or by setting `output` to `"server"` in your Astro config to make all your pages server-rendered by default.
 [2m(+188ms)[22m 
[2m18:28:41[22m   [34mÔö£ÔöÇ[39m [2m/blog/como-aparecer-no-google-maps-saude/index.html[22m[33m[1m18:28:41[22m [WARN][39m `Astro.request.headers` was used when rendering the route `src/pages/blog/[slug].astro'`. `Astro.request.headers` is not available on prerendered pages. If you need access to request headers, make sure that the page is server-rendered using `export const prerender = false;` or by setting `output` to `"server"` in your Astro config to make all your pages server-rendered by default.
 [2m(+229ms)[22m 
[2m18:28:41[22m   [34mÔö£ÔöÇ[39m [2m/blog/como-avaliar-orcamento-de-desenvolvimento-web/index.html[22m[33m[1m18:28:41[22m [WARN][39m `Astro.request.headers` was used when rendering the route `src/pages/blog/[slug].astro'`. `Astro.request.headers` is not available on prerendered pages. If you need access to request headers, make sure that the page is server-rendered using `export const prerender = false;` or by setting `output` to `"server"` in your Astro config to make all your pages server-rendered by default.
 [2m(+232ms)[22m 
[2m18:28:41[22m   [34mÔö£ÔöÇ[39m [2m/blog/como-clinicas-esteticas-perdem-clientes-por-falta-de-site/index.html[22m[33m[1m18:28:41[22m [WARN][39m `Astro.request.headers` was used when rendering the route `src/pages/blog/[slug].astro'`. `Astro.request.headers` is not available on prerendered pages. If you need access to request headers, make sure that the page is server-rendered using `export const prerender = false;` or by setting `output` to `"server"` in your Astro config to make all your pages server-rendered by default.
 [2m(+219ms)[22m 
[2m18:28:41[22m   [34mÔö£ÔöÇ[39m [2m/blog/como-criar-site-de-achadinhos-shopee-amazon-que-vende-sitesalphacode/index.html[22m[33m[1m18:28:42[22m [WARN][39m `Astro.request.headers` was used when rendering the route `src/pages/blog/[slug].astro'`. `Astro.request.headers` is not available on prerendered pages. If you need access to request headers, make sure that the page is server-rendered using `export const prerender = false;` or by setting `output` to `"server"` in your Astro config to make all your pages server-rendered by default.
 [2m(+186ms)[22m 
[2m18:28:42[22m   [34mÔö£ÔöÇ[39m [2m/blog/como-empresas-de-energia-solar-dominam-o-google-local-sitesalphacode/index.html[22m[33m[1m18:28:42[22m [WARN][39m `Astro.request.headers` was used when rendering the route `src/pages/blog/[slug].astro'`. `Astro.request.headers` is not available on prerendered pages. If you need access to request headers, make sure that the page is server-rendered using `export const prerender = false;` or by setting `output` to `"server"` in your Astro config to make all your pages server-rendered by default.
 [2m(+148ms)[22m 
[2m18:28:42[22m   [34mÔö£ÔöÇ[39m [2m/blog/como-escalar-vendas-com-presenca-digital/index.html[22m[33m[1m18:28:42[22m [WARN][39m `Astro.request.headers` was used when rendering the route `src/pages/blog/[slug].astro'`. `Astro.request.headers` is not available on prerendered pages. If you need access to request headers, make sure that the page is server-rendered using `export const prerender = false;` or by setting `output` to `"server"` in your Astro config to make all your pages server-rendered by default.
 [2m(+262ms)[22m 
[2m18:28:42[22m   [34mÔö£ÔöÇ[39m [2m/blog/como-escolher-uma-empresa-de-criacao-de-sites/index.html[22m[33m[1m18:28:42[22m [WARN][39m `Astro.request.headers` was used when rendering the route `src/pages/blog/[slug].astro'`. `Astro.request.headers` is not available on prerendered pages. If you need access to request headers, make sure that the page is server-rendered using `export const prerender = false;` or by setting `output` to `"server"` in your Astro config to make all your pages server-rendered by default.
 [2m(+201ms)[22m 
[2m18:28:42[22m   [34mÔö£ÔöÇ[39m [2m/blog/como-o-seo-local-coloca-seu-consultorio-na-frente-da-concorrencia/index.html[22m[33m[1m18:28:42[22m [WARN][39m `Astro.request.headers` was used when rendering the route `src/pages/blog/[slug].astro'`. `Astro.request.headers` is not available on prerendered pages. If you need access to request headers, make sure that the page is server-rendered using `export const prerender = false;` or by setting `output` to `"server"` in your Astro config to make all your pages server-rendered by default.
 [2m(+222ms)[22m 
[2m18:28:43[22m   [34mÔö£ÔöÇ[39m [2m/blog/como-funciona-o-processo-de-criacao-de-um-site/index.html[22m[33m[1m18:28:43[22m [WARN][39m `Astro.request.headers` was used when rendering the route `src/pages/blog/[slug].astro'`. `Astro.request.headers` is not available on prerendered pages. If you need access to request headers, make sure that the page is server-rendered using `export const prerender = false;` or by setting `output` to `"server"` in your Astro config to make all your pages server-rendered by default.
 [2m(+213ms)[22m 
[2m18:28:43[22m   [34mÔö£ÔöÇ[39m [2m/blog/como-ter-o-melhor-site-para-o-seu-nicho-profissional/index.html[22m[33m[1m18:28:43[22m [WARN][39m `Astro.request.headers` was used when rendering the route `src/pages/blog/[slug].astro'`. `Astro.request.headers` is not available on prerendered pages. If you need access to request headers, make sure that the page is server-rendered using `export const prerender = false;` or by setting `output` to `"server"` in your Astro config to make all your pages server-rendered by default.
 [2m(+237ms)[22m 
[2m18:28:43[22m   [34mÔö£ÔöÇ[39m [2m/blog/como-transformar-visitantes-do-site-em-clientes/index.html[22m[33m[1m18:28:43[22m [WARN][39m `Astro.request.headers` was used when rendering the route `src/pages/blog/[slug].astro'`. `Astro.request.headers` is not available on prerendered pages. If you need access to request headers, make sure that the page is server-rendered using `export const prerender = false;` or by setting `output` to `"server"` in your Astro config to make all your pages server-rendered by default.
 [2m(+214ms)[22m 
[2m18:28:43[22m   [34mÔö£ÔöÇ[39m [2m/blog/como-um-site-aumenta-o-faturamento-de-negocios-fisicos/index.html[22m[33m[1m18:28:43[22m [WARN][39m `Astro.request.headers` was used when rendering the route `src/pages/blog/[slug].astro'`. `Astro.request.headers` is not available on prerendered pages. If you need access to request headers, make sure that the page is server-rendered using `export const prerender = false;` or by setting `output` to `"server"` in your Astro config to make all your pages server-rendered by default.
 [2m(+201ms)[22m 
[2m18:28:43[22m   [34mÔö£ÔöÇ[39m [2m/blog/criacao-de-sites-para-advogados-structure-ideal/index.html[22m[33m[1m18:28:43[22m [WARN][39m `Astro.request.headers` was used when rendering the route `src/pages/blog/[slug].astro'`. `Astro.request.headers` is not available on prerendered pages. If you need access to request headers, make sure that the page is server-rendered using `export const prerender = false;` or by setting `output` to `"server"` in your Astro config to make all your pages server-rendered by default.
 [2m(+150ms)[22m 
[2m18:28:44[22m   [34mÔö£ÔöÇ[39m [2m/blog/criacao-de-sites-para-clinicas-funcionalidades-essenciais/index.html[22m[33m[1m18:28:44[22m [WARN][39m `Astro.request.headers` was used when rendering the route `src/pages/blog/[slug].astro'`. `Astro.request.headers` is not available on prerendered pages. If you need access to request headers, make sure that the page is server-rendered using `export const prerender = false;` or by setting `output` to `"server"` in your Astro config to make all your pages server-rendered by default.
 [2m(+233ms)[22m 
[2m18:28:44[22m   [34mÔö£ÔöÇ[39m [2m/blog/criacao-de-sites-para-empresas-locais/index.html[22m[33m[1m18:28:44[22m [WARN][39m `Astro.request.headers` was used when rendering the route `src/pages/blog/[slug].astro'`. `Astro.request.headers` is not available on prerendered pages. If you need access to request headers, make sure that the page is server-rendered using `export const prerender = false;` or by setting `output` to `"server"` in your Astro config to make all your pages server-rendered by default.
 [2m(+121ms)[22m 
[2m18:28:44[22m   [34mÔö£ÔöÇ[39m [2m/blog/criacao-de-sites-para-medicos-guia-completo/index.html[22m[33m[1m18:28:44[22m [WARN][39m `Astro.request.headers` was used when rendering the route `src/pages/blog/[slug].astro'`. `Astro.request.headers` is not available on prerendered pages. If you need access to request headers, make sure that the page is server-rendered using `export const prerender = false;` or by setting `output` to `"server"` in your Astro config to make all your pages server-rendered by default.
 [2m(+35ms)[22m 
[2m18:28:44[22m   [34mÔö£ÔöÇ[39m [2m/blog/criacao-de-sites-profissionais-para-empresas/index.html[22m[33m[1m18:28:44[22m [WARN][39m `Astro.request.headers` was used when rendering the route `src/pages/blog/[slug].astro'`. `Astro.request.headers` is not available on prerendered pages. If you need access to request headers, make sure that the page is server-rendered using `export const prerender = false;` or by setting `output` to `"server"` in your Astro config to make all your pages server-rendered by default.
 [2m(+177ms)[22m 
[2m18:28:44[22m   [34mÔö£ÔöÇ[39m [2m/blog/custo-invisivel-site-amador-energia-solar/index.html[22m[33m[1m18:28:44[22m [WARN][39m `Astro.request.headers` was used when rendering the route `src/pages/blog/[slug].astro'`. `Astro.request.headers` is not available on prerendered pages. If you need access to request headers, make sure that the page is server-rendered using `export const prerender = false;` or by setting `output` to `"server"` in your Astro config to make all your pages server-rendered by default.
 [2m(+388ms)[22m 
[2m18:28:44[22m   [34mÔö£ÔöÇ[39m [2m/blog/erros-que-fazem-um-site-nao-aparecer-no-google/index.html[22m[33m[1m18:28:45[22m [WARN][39m `Astro.request.headers` was used when rendering the route `src/pages/blog/[slug].astro'`. `Astro.request.headers` is not available on prerendered pages. If you need access to request headers, make sure that the page is server-rendered using `export const prerender = false;` or by setting `output` to `"server"` in your Astro config to make all your pages server-rendered by default.
 [2m(+247ms)[22m 
[2m18:28:45[22m   [34mÔö£ÔöÇ[39m [2m/blog/estrategias-para-gerar-leads-pelo-site/index.html[22m[33m[1m18:28:45[22m [WARN][39m `Astro.request.headers` was used when rendering the route `src/pages/blog/[slug].astro'`. `Astro.request.headers` is not available on prerendered pages. If you need access to request headers, make sure that the page is server-rendered using `export const prerender = false;` or by setting `output` to `"server"` in your Astro config to make all your pages server-rendered by default.
 [2m(+205ms)[22m 
[2m18:28:45[22m   [34mÔö£ÔöÇ[39m [2m/blog/estrutura-de-um-site-que-gera-leads-todos-os-dias/index.html[22m[33m[1m18:28:45[22m [WARN][39m `Astro.request.headers` was used when rendering the route `src/pages/blog/[slug].astro'`. `Astro.request.headers` is not available on prerendered pages. If you need access to request headers, make sure that the page is server-rendered using `export const prerender = false;` or by setting `output` to `"server"` in your Astro config to make all your pages server-rendered by default.
 [2m(+28ms)[22m 
[2m18:28:45[22m   [34mÔö£ÔöÇ[39m [2m/blog/estrutura-propria-para-afiliados-shopee-mercado-livre/index.html[22m[33m[1m18:28:45[22m [WARN][39m `Astro.request.headers` was used when rendering the route `src/pages/blog/[slug].astro'`. `Astro.request.headers` is not available on prerendered pages. If you need access to request headers, make sure that the page is server-rendered using `export const prerender = false;` or by setting `output` to `"server"` in your Astro config to make all your pages server-rendered by default.
 [2m(+256ms)[22m 
[2m18:28:45[22m   [34mÔö£ÔöÇ[39m [2m/blog/exemplos-reais-de-sites-que-convertem-muito/index.html[22m[33m[1m18:28:45[22m [WARN][39m `Astro.request.headers` was used when rendering the route `src/pages/blog/[slug].astro'`. `Astro.request.headers` is not available on prerendered pages. If you need access to request headers, make sure that the page is server-rendered using `export const prerender = false;` or by setting `output` to `"server"` in your Astro config to make all your pages server-rendered by default.
 [2m(+195ms)[22m 
[2m18:28:45[22m   [34mÔö£ÔöÇ[39m [2m/blog/landing-page-ou-site-completo-qual-escolher/index.html[22m[33m[1m18:28:45[22m [WARN][39m `Astro.request.headers` was used when rendering the route `src/pages/blog/[slug].astro'`. `Astro.request.headers` is not available on prerendered pages. If you need access to request headers, make sure that the page is server-rendered using `export const prerender = false;` or by setting `output` to `"server"` in your Astro config to make all your pages server-rendered by default.
 [2m(+89ms)[22m 
[2m18:28:46[22m   [34mÔö£ÔöÇ[39m [2m/blog/landing-page-vs-site-institucional-qual-o-melhor-para-converter-leads/index.html[22m[33m[1m18:28:46[22m [WARN][39m `Astro.request.headers` was used when rendering the route `src/pages/blog/[slug].astro'`. `Astro.request.headers` is not available on prerendered pages. If you need access to request headers, make sure that the page is server-rendered using `export const prerender = false;` or by setting `output` to `"server"` in your Astro config to make all your pages server-rendered by default.
 [2m(+296ms)[22m 
[2m18:28:46[22m   [34mÔö£ÔöÇ[39m [2m/blog/link-profissional-vs-linktree/index.html[22m[33m[1m18:28:46[22m [WARN][39m `Astro.request.headers` was used when rendering the route `src/pages/blog/[slug].astro'`. `Astro.request.headers` is not available on prerendered pages. If you need access to request headers, make sure that the page is server-rendered using `export const prerender = false;` or by setting `output` to `"server"` in your Astro config to make all your pages server-rendered by default.
 [2m(+164ms)[22m 
[2m18:28:46[22m   [34mÔö£ÔöÇ[39m [2m/blog/marketing-para-dentistas-alem-do-instagram/index.html[22m[33m[1m18:28:46[22m [WARN][39m `Astro.request.headers` was used when rendering the route `src/pages/blog/[slug].astro'`. `Astro.request.headers` is not available on prerendered pages. If you need access to request headers, make sure that the page is server-rendered using `export const prerender = false;` or by setting `output` to `"server"` in your Astro config to make all your pages server-rendered by default.
 [2m(+103ms)[22m 
[2m18:28:46[22m   [34mÔö£ÔöÇ[39m [2m/blog/melhor-plataforma-para-criar-site-profissional/index.html[22m[33m[1m18:28:46[22m [WARN][39m `Astro.request.headers` was used when rendering the route `src/pages/blog/[slug].astro'`. `Astro.request.headers` is not available on prerendered pages. If you need access to request headers, make sure that the page is server-rendered using `export const prerender = false;` or by setting `output` to `"server"` in your Astro config to make all your pages server-rendered by default.
 [2m(+262ms)[22m 
[2m18:28:46[22m   [34mÔö£ÔöÇ[39m [2m/blog/o-que-diferencia-um-site-amador-de-um-profissional/index.html[22m[33m[1m18:28:46[22m [WARN][39m `Astro.request.headers` was used when rendering the route `src/pages/blog/[slug].astro'`. `Astro.request.headers` is not available on prerendered pages. If you need access to request headers, make sure that the page is server-rendered using `export const prerender = false;` or by setting `output` to `"server"` in your Astro config to make all your pages server-rendered by default.
 [2m(+150ms)[22m 
[2m18:28:46[22m   [34mÔö£ÔöÇ[39m [2m/blog/o-que-toda-empresa-precisa-ter-em-um-site-profissional/index.html[22m[33m[1m18:28:47[22m [WARN][39m `Astro.request.headers` was used when rendering the route `src/pages/blog/[slug].astro'`. `Astro.request.headers` is not available on prerendered pages. If you need access to request headers, make sure that the page is server-rendered using `export const prerender = false;` or by setting `output` to `"server"` in your Astro config to make all your pages server-rendered by default.
 [2m(+134ms)[22m 
[2m18:28:47[22m   [34mÔö£ÔöÇ[39m [2m/blog/performance-vs-copywriting-o-equilibrio-da-conversao/index.html[22m[33m[1m18:28:47[22m [WARN][39m `Astro.request.headers` was used when rendering the route `src/pages/blog/[slug].astro'`. `Astro.request.headers` is not available on prerendered pages. If you need access to request headers, make sure that the page is server-rendered using `export const prerender = false;` or by setting `output` to `"server"` in your Astro config to make all your pages server-rendered by default.
 [2m(+186ms)[22m 
[2m18:28:47[22m   [34mÔö£ÔöÇ[39m [2m/blog/por-que-redes-sociais-nao-substituem-site-para-advogados/index.html[22m[33m[1m18:28:47[22m [WARN][39m `Astro.request.headers` was used when rendering the route `src/pages/blog/[slug].astro'`. `Astro.request.headers` is not available on prerendered pages. If you need access to request headers, make sure that the page is server-rendered using `export const prerender = false;` or by setting `output` to `"server"` in your Astro config to make all your pages server-rendered by default.
 [2m(+209ms)[22m 
[2m18:28:47[22m   [34mÔö£ÔöÇ[39m [2m/blog/psicologos-perdem-pacientes-por-falta-de-site/index.html[22m[33m[1m18:28:47[22m [WARN][39m `Astro.request.headers` was used when rendering the route `src/pages/blog/[slug].astro'`. `Astro.request.headers` is not available on prerendered pages. If you need access to request headers, make sure that the page is server-rendered using `export const prerender = false;` or by setting `output` to `"server"` in your Astro config to make all your pages server-rendered by default.
 [2m(+141ms)[22m 
[2m18:28:47[22m   [34mÔö£ÔöÇ[39m [2m/blog/quanto-custa-criar-um-site-profissional/index.html[22m[33m[1m18:28:47[22m [WARN][39m `Astro.request.headers` was used when rendering the route `src/pages/blog/[slug].astro'`. `Astro.request.headers` is not available on prerendered pages. If you need access to request headers, make sure that the page is server-rendered using `export const prerender = false;` or by setting `output` to `"server"` in your Astro config to make all your pages server-rendered by default.
 [2m(+167ms)[22m 
[2m18:28:47[22m   [34mÔö£ÔöÇ[39m [2m/blog/quanto-custa-manter-um-site-mensalmente/index.html[22m[33m[1m18:28:47[22m [WARN][39m `Astro.request.headers` was used when rendering the route `src/pages/blog/[slug].astro'`. `Astro.request.headers` is not available on prerendered pages. If you need access to request headers, make sure that the page is server-rendered using `export const prerender = false;` or by setting `output` to `"server"` in your Astro config to make all your pages server-rendered by default.
 [2m(+260ms)[22m 
[2m18:28:48[22m   [34mÔö£ÔöÇ[39m [2m/blog/quanto-custa-refazer-um-site-antigo/index.html[22m[33m[1m18:28:48[22m [WARN][39m `Astro.request.headers` was used when rendering the route `src/pages/blog/[slug].astro'`. `Astro.request.headers` is not available on prerendered pages. If you need access to request headers, make sure that the page is server-rendered using `export const prerender = false;` or by setting `output` to `"server"` in your Astro config to make all your pages server-rendered by default.
 [2m(+134ms)[22m 
[2m18:28:48[22m   [34mÔö£ÔöÇ[39m [2m/blog/quanto-tempo-leva-para-criar-um-site-profissional/index.html[22m[33m[1m18:28:48[22m [WARN][39m `Astro.request.headers` was used when rendering the route `src/pages/blog/[slug].astro'`. `Astro.request.headers` is not available on prerendered pages. If you need access to request headers, make sure that the page is server-rendered using `export const prerender = false;` or by setting `output` to `"server"` in your Astro config to make all your pages server-rendered by default.
 [2m(+197ms)[22m 
[2m18:28:48[22m   [34mÔö£ÔöÇ[39m [2m/blog/sinais-de-que-seu-site-esta-espantando-clientes/index.html[22m[33m[1m18:28:48[22m [WARN][39m `Astro.request.headers` was used when rendering the route `src/pages/blog/[slug].astro'`. `Astro.request.headers` is not available on prerendered pages. If you need access to request headers, make sure that the page is server-rendered using `export const prerender = false;` or by setting `output` to `"server"` in your Astro config to make all your pages server-rendered by default.
 [2m(+221ms)[22m 
[2m18:28:48[22m   [34mÔö£ÔöÇ[39m [2m/blog/roi-de-um-site-profissional-para-empresas/index.html[22m[33m[1m18:28:48[22m [WARN][39m `Astro.request.headers` was used when rendering the route `src/pages/blog/[slug].astro'`. `Astro.request.headers` is not available on prerendered pages. If you need access to request headers, make sure that the page is server-rendered using `export const prerender = false;` or by setting `output` to `"server"` in your Astro config to make all your pages server-rendered by default.
 [2m(+181ms)[22m 
[2m18:28:48[22m   [34mÔö£ÔöÇ[39m [2m/blog/site-institucional-ou-pagina-de-vendas/index.html[22m[33m[1m18:28:48[22m [WARN][39m `Astro.request.headers` was used when rendering the route `src/pages/blog/[slug].astro'`. `Astro.request.headers` is not available on prerendered pages. If you need access to request headers, make sure that the page is server-rendered using `export const prerender = false;` or by setting `output` to `"server"` in your Astro config to make all your pages server-rendered by default.
 [2m(+236ms)[22m 
[2m18:28:49[22m   [34mÔö£ÔöÇ[39m [2m/blog/site-professional-ou-rede-social-para-empresas/index.html[22m[33m[1m18:28:49[22m [WARN][39m `Astro.request.headers` was used when rendering the route `src/pages/blog/[slug].astro'`. `Astro.request.headers` is not available on prerendered pages. If you need access to request headers, make sure that the page is server-rendered using `export const prerender = false;` or by setting `output` to `"server"` in your Astro config to make all your pages server-rendered by default.
 [2m(+193ms)[22m 
[2m18:28:49[22m   [34mÔö£ÔöÇ[39m [2m/blog/sites-para-psicologos-como-atrair-pacientes-online/index.html[22m[33m[1m18:28:49[22m [WARN][39m `Astro.request.headers` was used when rendering the route `src/pages/blog/[slug].astro'`. `Astro.request.headers` is not available on prerendered pages. If you need access to request headers, make sure that the page is server-rendered using `export const prerender = false;` or by setting `output` to `"server"` in your Astro config to make all your pages server-rendered by default.
 [2m(+121ms)[22m 
[2m18:28:49[22m   [34mÔö£ÔöÇ[39m [2m/blog/tendencias-de-design-que-aumentam-conversao/index.html[22m[33m[1m18:28:49[22m [WARN][39m `Astro.request.headers` was used when rendering the route `src/pages/blog/[slug].astro'`. `Astro.request.headers` is not available on prerendered pages. If you need access to request headers, make sure that the page is server-rendered using `export const prerender = false;` or by setting `output` to `"server"` in your Astro config to make all your pages server-rendered by default.
 [2m(+298ms)[22m 
[2m18:28:49[22m   [34mÔö£ÔöÇ[39m [2m/blog/vale-a-pena-contratar-agencia-ou-freelancer/index.html[22m[33m[1m18:28:49[22m [WARN][39m `Astro.request.headers` was used when rendering the route `src/pages/blog/[slug].astro'`. `Astro.request.headers` is not available on prerendered pages. If you need access to request headers, make sure that the page is server-rendered using `export const prerender = false;` or by setting `output` to `"server"` in your Astro config to make all your pages server-rendered by default.
 [2m(+140ms)[22m 
[2m18:28:49[22m   [34mÔö£ÔöÇ[39m [2m/blog/velocidade-e-dinheiro-performance-site-2026/index.html[22m[33m[1m18:28:49[22m [WARN][39m `Astro.request.headers` was used when rendering the route `src/pages/blog/[slug].astro'`. `Astro.request.headers` is not available on prerendered pages. If you need access to request headers, make sure that the page is server-rendered using `export const prerender = false;` or by setting `output` to `"server"` in your Astro config to make all your pages server-rendered by default.
 [2m(+43ms)[22m 
[2m18:28:49[22m   [34mÔö£ÔöÇ[39m [2m/blog/wix-vale-a-pena-para-empresas-serias/index.html[22m[33m[1m18:28:49[22m [WARN][39m `Astro.request.headers` was used when rendering the route `src/pages/blog/[slug].astro'`. `Astro.request.headers` is not available on prerendered pages. If you need access to request headers, make sure that the page is server-rendered using `export const prerender = false;` or by setting `output` to `"server"` in your Astro config to make all your pages server-rendered by default.
 [2m(+49ms)[22m 
[2m18:28:49[22m   [34mÔööÔöÇ[39m [2m/blog/wordpress-ou-site-personalizado-comparacao-completa/index.html[22m[33m[1m18:28:50[22m [WARN][39m `Astro.request.headers` was used when rendering the route `src/pages/blog/[slug].astro'`. `Astro.request.headers` is not available on prerendered pages. If you need access to request headers, make sure that the page is server-rendered using `export const prerender = false;` or by setting `output` to `"server"` in your Astro config to make all your pages server-rendered by default.
 [2m(+437ms)[22m 
[2m18:28:50[22m [32mÔûÂ[39m src/pages/blog/index.astro
[2m18:28:50[22m   [34mÔööÔöÇ[39m [2m/blog/index.html[22m [2m(+85ms)[22m 
[2m18:28:50[22m [32mÔûÂ[39m src/pages/busca.astro
[2m18:28:50[22m   [34mÔööÔöÇ[39m [2m/busca/index.html[22m[33m[1m18:28:50[22m [WARN][39m `Astro.request.headers` was used when rendering the route `src/pages/busca.astro'`. `Astro.request.headers` is not available on prerendered pages. If you need access to request headers, make sure that the page is server-rendered using `export const prerender = false;` or by setting `output` to `"server"` in your Astro config to make all your pages server-rendered by default.
 [2m(+51ms)[22m 
[2m18:28:50[22m [32mÔûÂ[39m src/pages/cidades/[slug].astro
[2m18:28:50[22m   [34mÔö£ÔöÇ[39m [2m/cidades/nova-iguacu/index.html[22m[33m[1m18:28:50[22m [WARN][39m `Astro.request.headers` was used when rendering the route `src/pages/cidades/[slug].astro'`. `Astro.request.headers` is not available on prerendered pages. If you need access to request headers, make sure that the page is server-rendered using `export const prerender = false;` or by setting `output` to `"server"` in your Astro config to make all your pages server-rendered by default.
 [2m(+38ms)[22m 
[2m18:28:50[22m   [34mÔö£ÔöÇ[39m [2m/cidades/duque-de-caxias/index.html[22m[33m[1m18:28:50[22m [WARN][39m `Astro.request.headers` was used when rendering the route `src/pages/cidades/[slug].astro'`. `Astro.request.headers` is not available on prerendered pages. If you need access to request headers, make sure that the page is server-rendered using `export const prerender = false;` or by setting `output` to `"server"` in your Astro config to make all your pages server-rendered by default.
 [2m(+79ms)[22m 
[2m18:28:50[22m   [34mÔö£ÔöÇ[39m [2m/cidades/belford-roxo/index.html[22m[33m[1m18:28:51[22m [WARN][39m `Astro.request.headers` was used when rendering the route `src/pages/cidades/[slug].astro'`. `Astro.request.headers` is not available on prerendered pages. If you need access to request headers, make sure that the page is server-rendered using `export const prerender = false;` or by setting `output` to `"server"` in your Astro config to make all your pages server-rendered by default.
 [2m(+100ms)[22m 
[2m18:28:51[22m   [34mÔö£ÔöÇ[39m [2m/cidades/sao-joao-de-meriti/index.html[22m[33m[1m18:28:51[22m [WARN][39m `Astro.request.headers` was used when rendering the route `src/pages/cidades/[slug].astro'`. `Astro.request.headers` is not available on prerendered pages. If you need access to request headers, make sure that the page is server-rendered using `export const prerender = false;` or by setting `output` to `"server"` in your Astro config to make all your pages server-rendered by default.
 [2m(+298ms)[22m 
[2m18:28:51[22m   [34mÔö£ÔöÇ[39m [2m/cidades/nilopolis/index.html[22m[33m[1m18:28:51[22m [WARN][39m `Astro.request.headers` was used when rendering the route `src/pages/cidades/[slug].astro'`. `Astro.request.headers` is not available on prerendered pages. If you need access to request headers, make sure that the page is server-rendered using `export const prerender = false;` or by setting `output` to `"server"` in your Astro config to make all your pages server-rendered by default.
 [2m(+137ms)[22m 
[2m18:28:51[22m   [34mÔö£ÔöÇ[39m [2m/cidades/mesquita/index.html[22m[33m[1m18:28:51[22m [WARN][39m `Astro.request.headers` was used when rendering the route `src/pages/cidades/[slug].astro'`. `Astro.request.headers` is not available on prerendered pages. If you need access to request headers, make sure that the page is server-rendered using `export const prerender = false;` or by setting `output` to `"server"` in your Astro config to make all your pages server-rendered by default.
 [2m(+145ms)[22m 
[2m18:28:51[22m   [34mÔö£ÔöÇ[39m [2m/cidades/queimados/index.html[22m[33m[1m18:28:51[22m [WARN][39m `Astro.request.headers` was used when rendering the route `src/pages/cidades/[slug].astro'`. `Astro.request.headers` is not available on prerendered pages. If you need access to request headers, make sure that the page is server-rendered using `export const prerender = false;` or by setting `output` to `"server"` in your Astro config to make all your pages server-rendered by default.
 [2m(+254ms)[22m 
[2m18:28:51[22m   [34mÔö£ÔöÇ[39m [2m/cidades/mage/index.html[22m[33m[1m18:28:51[22m [WARN][39m `Astro.request.headers` was used when rendering the route `src/pages/cidades/[slug].astro'`. `Astro.request.headers` is not available on prerendered pages. If you need access to request headers, make sure that the page is server-rendered using `export const prerender = false;` or by setting `output` to `"server"` in your Astro config to make all your pages server-rendered by default.
 [2m(+117ms)[22m 
[2m18:28:52[22m   [34mÔö£ÔöÇ[39m [2m/cidades/itaguai/index.html[22m[33m[1m18:28:52[22m [WARN][39m `Astro.request.headers` was used when rendering the route `src/pages/cidades/[slug].astro'`. `Astro.request.headers` is not available on prerendered pages. If you need access to request headers, make sure that the page is server-rendered using `export const prerender = false;` or by setting `output` to `"server"` in your Astro config to make all your pages server-rendered by default.
 [2m(+298ms)[22m 
[2m18:28:52[22m   [34mÔö£ÔöÇ[39m [2m/cidades/seropedica/index.html[22m[33m[1m18:28:52[22m [WARN][39m `Astro.request.headers` was used when rendering the route `src/pages/cidades/[slug].astro'`. `Astro.request.headers` is not available on prerendered pages. If you need access to request headers, make sure that the page is server-rendered using `export const prerender = false;` or by setting `output` to `"server"` in your Astro config to make all your pages server-rendered by default.
 [2m(+282ms)[22m 
[2m18:28:52[22m   [34mÔö£ÔöÇ[39m [2m/cidades/guapimirim/index.html[22m[33m[1m18:28:52[22m [WARN][39m `Astro.request.headers` was used when rendering the route `src/pages/cidades/[slug].astro'`. `Astro.request.headers` is not available on prerendered pages. If you need access to request headers, make sure that the page is server-rendered using `export const prerender = false;` or by setting `output` to `"server"` in your Astro config to make all your pages server-rendered by default.
 [2m(+87ms)[22m 
[2m18:28:52[22m   [34mÔööÔöÇ[39m [2m/cidades/itaim-bibi/index.html[22m[33m[1m18:28:52[22m [WARN][39m `Astro.request.headers` was used when rendering the route `src/pages/cidades/[slug].astro'`. `Astro.request.headers` is not available on prerendered pages. If you need access to request headers, make sure that the page is server-rendered using `export const prerender = false;` or by setting `output` to `"server"` in your Astro config to make all your pages server-rendered by default.
 [2m(+111ms)[22m 
[2m18:28:53[22m [32mÔûÂ[39m src/pages/energia-solar-belo-horizonte.astro
[2m18:28:53[22m   [34mÔööÔöÇ[39m [2m/energia-solar-belo-horizonte/index.html[22m[33m[1m18:28:53[22m [WARN][39m `Astro.request.headers` was used when rendering the route `src/pages/energia-solar-belo-horizonte.astro'`. `Astro.request.headers` is not available on prerendered pages. If you need access to request headers, make sure that the page is server-rendered using `export const prerender = false;` or by setting `output` to `"server"` in your Astro config to make all your pages server-rendered by default.
 [2m(+19ms)[22m 
[2m18:28:53[22m [32mÔûÂ[39m src/pages/energia-solar-curitiba.astro
[2m18:28:53[22m   [34mÔööÔöÇ[39m [2m/energia-solar-curitiba/index.html[22m[33m[1m18:28:53[22m [WARN][39m `Astro.request.headers` was used when rendering the route `src/pages/energia-solar-curitiba.astro'`. `Astro.request.headers` is not available on prerendered pages. If you need access to request headers, make sure that the page is server-rendered using `export const prerender = false;` or by setting `output` to `"server"` in your Astro config to make all your pages server-rendered by default.
 [2m(+52ms)[22m 
[2m18:28:53[22m [32mÔûÂ[39m src/pages/energia-solar-mato-grosso-do-sul.astro
[2m18:28:53[22m   [34mÔööÔöÇ[39m [2m/energia-solar-mato-grosso-do-sul/index.html[22m[33m[1m18:28:53[22m [WARN][39m `Astro.request.headers` was used when rendering the route `src/pages/energia-solar-mato-grosso-do-sul.astro'`. `Astro.request.headers` is not available on prerendered pages. If you need access to request headers, make sure that the page is server-rendered using `export const prerender = false;` or by setting `output` to `"server"` in your Astro config to make all your pages server-rendered by default.
 [2m(+34ms)[22m 
[2m18:28:53[22m [32mÔûÂ[39m src/pages/energia-solar-para.astro
[2m18:28:53[22m   [34mÔööÔöÇ[39m [2m/energia-solar-para/index.html[22m[33m[1m18:28:53[22m [WARN][39m `Astro.request.headers` was used when rendering the route `src/pages/energia-solar-para.astro'`. `Astro.request.headers` is not available on prerendered pages. If you need access to request headers, make sure that the page is server-rendered using `export const prerender = false;` or by setting `output` to `"server"` in your Astro config to make all your pages server-rendered by default.
 [2m(+68ms)[22m 
[2m18:28:53[22m [32mÔûÂ[39m src/pages/energia-solar-sao-paulo.astro
[2m18:28:53[22m   [34mÔööÔöÇ[39m [2m/energia-solar-sao-paulo/index.html[22m[33m[1m18:28:53[22m [WARN][39m `Astro.request.headers` was used when rendering the route `src/pages/energia-solar-sao-paulo.astro'`. `Astro.request.headers` is not available on prerendered pages. If you need access to request headers, make sure that the page is server-rendered using `export const prerender = false;` or by setting `output` to `"server"` in your Astro config to make all your pages server-rendered by default.
 [2m(+447ms)[22m 
[2m18:28:54[22m [32mÔûÂ[39m src/pages/local/[slug].astro
[2m18:28:54[22m   [34mÔö£ÔöÇ[39m [2m/local/criacao-de-sites-moema-sp/index.html[22m[33m[1m18:28:54[22m [WARN][39m `Astro.request.headers` was used when rendering the route `src/pages/local/[slug].astro'`. `Astro.request.headers` is not available on prerendered pages. If you need access to request headers, make sure that the page is server-rendered using `export const prerender = false;` or by setting `output` to `"server"` in your Astro config to make all your pages server-rendered by default.
[33m[1m18:28:54[22m [WARN][39m `Astro.request.headers` was used when rendering the route `src/pages/local/[slug].astro'`. `Astro.request.headers` is not available on prerendered pages. If you need access to request headers, make sure that the page is server-rendered using `export const prerender = false;` or by setting `output` to `"server"` in your Astro config to make all your pages server-rendered by default.
 [2m(+103ms)[22m 
[2m18:28:54[22m   [34mÔö£ÔöÇ[39m [2m/local/criacao-de-sites-itaim-bibi-sp/index.html[22m[33m[1m18:28:54[22m [WARN][39m `Astro.request.headers` was used when rendering the route `src/pages/local/[slug].astro'`. `Astro.request.headers` is not available on prerendered pages. If you need access to request headers, make sure that the page is server-rendered using `export const prerender = false;` or by setting `output` to `"server"` in your Astro config to make all your pages server-rendered by default.
[33m[1m18:28:54[22m [WARN][39m `Astro.request.headers` was used when rendering the route `src/pages/local/[slug].astro'`. `Astro.request.headers` is not available on prerendered pages. If you need access to request headers, make sure that the page is server-rendered using `export const prerender = false;` or by setting `output` to `"server"` in your Astro config to make all your pages server-rendered by default.
 [2m(+52ms)[22m 
[2m18:28:54[22m   [34mÔö£ÔöÇ[39m [2m/local/criacao-de-sites-jardins-sp/index.html[22m[33m[1m18:28:54[22m [WARN][39m `Astro.request.headers` was used when rendering the route `src/pages/local/[slug].astro'`. `Astro.request.headers` is not available on prerendered pages. If you need access to request headers, make sure that the page is server-rendered using `export const prerender = false;` or by setting `output` to `"server"` in your Astro config to make all your pages server-rendered by default.
[33m[1m18:28:54[22m [WARN][39m `Astro.request.headers` was used when rendering the route `src/pages/local/[slug].astro'`. `Astro.request.headers` is not available on prerendered pages. If you need access to request headers, make sure that the page is server-rendered using `export const prerender = false;` or by setting `output` to `"server"` in your Astro config to make all your pages server-rendered by default.
 [2m(+98ms)[22m 
[2m18:28:55[22m   [34mÔö£ÔöÇ[39m [2m/local/criacao-de-sites-rio-de-janeiro-rj/index.html[22m[33m[1m18:28:55[22m [WARN][39m `Astro.request.headers` was used when rendering the route `src/pages/local/[slug].astro'`. `Astro.request.headers` is not available on prerendered pages. If you need access to request headers, make sure that the page is server-rendered using `export const prerender = false;` or by setting `output` to `"server"` in your Astro config to make all your pages server-rendered by default.
[33m[1m18:28:55[22m [WARN][39m `Astro.request.headers` was used when rendering the route `src/pages/local/[slug].astro'`. `Astro.request.headers` is not available on prerendered pages. If you need access to request headers, make sure that the page is server-rendered using `export const prerender = false;` or by setting `output` to `"server"` in your Astro config to make all your pages server-rendered by default.
 [2m(+296ms)[22m 
[2m18:28:55[22m   [34mÔö£ÔöÇ[39m [2m/local/criacao-de-sites-leblon-rj/index.html[22m[33m[1m18:28:55[22m [WARN][39m `Astro.request.headers` was used when rendering the route `src/pages/local/[slug].astro'`. `Astro.request.headers` is not available on prerendered pages. If you need access to request headers, make sure that the page is server-rendered using `export const prerender = false;` or by setting `output` to `"server"` in your Astro config to make all your pages server-rendered by default.
[33m[1m18:28:55[22m [WARN][39m `Astro.request.headers` was used when rendering the route `src/pages/local/[slug].astro'`. `Astro.request.headers` is not available on prerendered pages. If you need access to request headers, make sure that the page is server-rendered using `export const prerender = false;` or by setting `output` to `"server"` in your Astro config to make all your pages server-rendered by default.
 [2m(+150ms)[22m 
[2m18:28:55[22m   [34mÔö£ÔöÇ[39m [2m/local/criacao-de-sites-ipanema-rj/index.html[22m[33m[1m18:28:55[22m [WARN][39m `Astro.request.headers` was used when rendering the route `src/pages/local/[slug].astro'`. `Astro.request.headers` is not available on prerendered pages. If you need access to request headers, make sure that the page is server-rendered using `export const prerender = false;` or by setting `output` to `"server"` in your Astro config to make all your pages server-rendered by default.
[33m[1m18:28:55[22m [WARN][39m `Astro.request.headers` was used when rendering the route `src/pages/local/[slug].astro'`. `Astro.request.headers` is not available on prerendered pages. If you need access to request headers, make sure that the page is server-rendered using `export const prerender = false;` or by setting `output` to `"server"` in your Astro config to make all your pages server-rendered by default.
 [2m(+53ms)[22m 
[2m18:28:55[22m   [34mÔö£ÔöÇ[39m [2m/local/criacao-de-sites-copacabana-rj/index.html[22m[33m[1m18:28:55[22m [WARN][39m `Astro.request.headers` was used when rendering the route `src/pages/local/[slug].astro'`. `Astro.request.headers` is not available on prerendered pages. If you need access to request headers, make sure that the page is server-rendered using `export const prerender = false;` or by setting `output` to `"server"` in your Astro config to make all your pages server-rendered by default.
[33m[1m18:28:55[22m [WARN][39m `Astro.request.headers` was used when rendering the route `src/pages/local/[slug].astro'`. `Astro.request.headers` is not available on prerendered pages. If you need access to request headers, make sure that the page is server-rendered using `export const prerender = false;` or by setting `output` to `"server"` in your Astro config to make all your pages server-rendered by default.
 [2m(+402ms)[22m 
[2m18:28:55[22m   [34mÔööÔöÇ[39m [2m/local/criacao-de-sites-barra-da-tijuca-rj/index.html[22m[33m[1m18:28:55[22m [WARN][39m `Astro.request.headers` was used when rendering the route `src/pages/local/[slug].astro'`. `Astro.request.headers` is not available on prerendered pages. If you need access to request headers, make sure that the page is server-rendered using `export const prerender = false;` or by setting `output` to `"server"` in your Astro config to make all your pages server-rendered by default.
[33m[1m18:28:55[22m [WARN][39m `Astro.request.headers` was used when rendering the route `src/pages/local/[slug].astro'`. `Astro.request.headers` is not available on prerendered pages. If you need access to request headers, make sure that the page is server-rendered using `export const prerender = false;` or by setting `output` to `"server"` in your Astro config to make all your pages server-rendered by default.
 [2m(+24ms)[22m 
[2m18:28:57[22m [35m╬╗[39m src/pages/rss.xml.ts
[2m18:28:57[22m   [34mÔööÔöÇ[39m [2m/rss.xml[22m [2m(+128ms)[22m 
[2m18:28:57[22m [32mÔûÂ[39m src/pages/servicos/[slug].astro
[2m18:28:57[22m   [34mÔö£ÔöÇ[39m [2m/servicos/site-profissional-saude/index.html[22m[33m[1m18:28:57[22m [WARN][39m `Astro.request.headers` was used when rendering the route `src/pages/servicos/[slug].astro'`. `Astro.request.headers` is not available on prerendered pages. If you need access to request headers, make sure that the page is server-rendered using `export const prerender = false;` or by setting `output` to `"server"` in your Astro config to make all your pages server-rendered by default.
 [2m(+51ms)[22m 
[2m18:28:57[22m   [34mÔö£ÔöÇ[39m [2m/servicos/criacao-de-sites-profissionais/index.html[22m[33m[1m18:28:57[22m [WARN][39m `Astro.request.headers` was used when rendering the route `src/pages/servicos/[slug].astro'`. `Astro.request.headers` is not available on prerendered pages. If you need access to request headers, make sure that the page is server-rendered using `export const prerender = false;` or by setting `output` to `"server"` in your Astro config to make all your pages server-rendered by default.
 [2m(+34ms)[22m 
[2m18:28:57[22m   [34mÔö£ÔöÇ[39m [2m/servicos/link-profissional/index.html[22m[33m[1m18:28:57[22m [WARN][39m `Astro.request.headers` was used when rendering the route `src/pages/servicos/[slug].astro'`. `Astro.request.headers` is not available on prerendered pages. If you need access to request headers, make sure that the page is server-rendered using `export const prerender = false;` or by setting `output` to `"server"` in your Astro config to make all your pages server-rendered by default.
 [2m(+47ms)[22m 
[2m18:28:57[22m   [34mÔö£ÔöÇ[39m [2m/servicos/pagina-agendamento/index.html[22m[33m[1m18:28:57[22m [WARN][39m `Astro.request.headers` was used when rendering the route `src/pages/servicos/[slug].astro'`. `Astro.request.headers` is not available on prerendered pages. If you need access to request headers, make sure that the page is server-rendered using `export const prerender = false;` or by setting `output` to `"server"` in your Astro config to make all your pages server-rendered by default.
 [2m(+338ms)[22m 
[2m18:28:57[22m   [34mÔö£ÔöÇ[39m [2m/servicos/google-meu-negocio/index.html[22m[33m[1m18:28:57[22m [WARN][39m `Astro.request.headers` was used when rendering the route `src/pages/servicos/[slug].astro'`. `Astro.request.headers` is not available on prerendered pages. If you need access to request headers, make sure that the page is server-rendered using `export const prerender = false;` or by setting `output` to `"server"` in your Astro config to make all your pages server-rendered by default.
 [2m(+80ms)[22m 
[2m18:28:57[22m   [34mÔö£ÔöÇ[39m [2m/servicos/blog-seo-profissionais-saude/index.html[22m[33m[1m18:28:57[22m [WARN][39m `Astro.request.headers` was used when rendering the route `src/pages/servicos/[slug].astro'`. `Astro.request.headers` is not available on prerendered pages. If you need access to request headers, make sure that the page is server-rendered using `export const prerender = false;` or by setting `output` to `"server"` in your Astro config to make all your pages server-rendered by default.
 [2m(+131ms)[22m 
[2m18:28:57[22m   [34mÔööÔöÇ[39m [2m/servicos/manutencao-site/index.html[22m[33m[1m18:28:57[22m [WARN][39m `Astro.request.headers` was used when rendering the route `src/pages/servicos/[slug].astro'`. `Astro.request.headers` is not available on prerendered pages. If you need access to request headers, make sure that the page is server-rendered using `export const prerender = false;` or by setting `output` to `"server"` in your Astro config to make all your pages server-rendered by default.
 [2m(+206ms)[22m 
[2m18:28:58[22m [35m╬╗[39m src/pages/sitemap-posts.xml.ts
[2m18:28:58[22m   [34mÔööÔöÇ[39m [2m/sitemap-posts.xml[22m [2m(+37ms)[22m 
[2m18:28:58[22m [32mÔûÂ[39m src/pages/solucoes/[slug].astro
[2m18:28:58[22m   [34mÔö£ÔöÇ[39m [2m/solucoes/fotografos/index.html[22m[33m[1m18:28:58[22m [WARN][39m `Astro.request.headers` was used when rendering the route `src/pages/solucoes/[slug].astro'`. `Astro.request.headers` is not available on prerendered pages. If you need access to request headers, make sure that the page is server-rendered using `export const prerender = false;` or by setting `output` to `"server"` in your Astro config to make all your pages server-rendered by default.
[33m[1m18:28:58[22m [WARN][39m `Astro.request.headers` was used when rendering the route `src/pages/solucoes/[slug].astro'`. `Astro.request.headers` is not available on prerendered pages. If you need access to request headers, make sure that the page is server-rendered using `export const prerender = false;` or by setting `output` to `"server"` in your Astro config to make all your pages server-rendered by default.
 [2m(+78ms)[22m 
[2m18:28:58[22m   [34mÔööÔöÇ[39m [2m/solucoes/afiliados/index.html[22m[33m[1m18:28:58[22m [WARN][39m `Astro.request.headers` was used when rendering the route `src/pages/solucoes/[slug].astro'`. `Astro.request.headers` is not available on prerendered pages. If you need access to request headers, make sure that the page is server-rendered using `export const prerender = false;` or by setting `output` to `"server"` in your Astro config to make all your pages server-rendered by default.
[33m[1m18:28:58[22m [WARN][39m `Astro.request.headers` was used when rendering the route `src/pages/solucoes/[slug].astro'`. `Astro.request.headers` is not available on prerendered pages. If you need access to request headers, make sure that the page is server-rendered using `export const prerender = false;` or by setting `output` to `"server"` in your Astro config to make all your pages server-rendered by default.
 [2m(+53ms)[22m 
[2m18:28:58[22m [32mÔûÂ[39m src/pages/website-empresa-energia-solar.astro
[2m18:28:58[22m   [34mÔööÔöÇ[39m [2m/website-empresa-energia-solar/index.html[22m[33m[1m18:28:58[22m [WARN][39m `Astro.request.headers` was used when rendering the route `src/pages/website-empresa-energia-solar.astro'`. `Astro.request.headers` is not available on prerendered pages. If you need access to request headers, make sure that the page is server-rendered using `export const prerender = false;` or by setting `output` to `"server"` in your Astro config to make all your pages server-rendered by default.
 [2m(+78ms)[22m 
[2m18:28:58[22m [32mÔ£ô Completed in 51.82s.
[39m
[42m[30m generating optimized images [39m[49m
[2m18:28:59[22m   [32mÔûÂ[39m /_astro/psicologa-desktop.DUJ9dd17_1aHr1K.webp [2m(reused cache entry)[22m [2m(+11ms)[22m [2m(1/24)[22m
[2m18:28:59[22m   [32mÔûÂ[39m /_astro/advocacia-desktop.CHaw-XJs_qnNp8.webp [2m(reused cache entry)[22m [2m(+14ms)[22m [2m(2/24)[22m
[2m18:28:59[22m   [32mÔûÂ[39m /_astro/advocacia-mobile.D7xHmKEd_1GPbif.webp [2m(reused cache entry)[22m [2m(+14ms)[22m [2m(3/24)[22m
[2m18:28:59[22m   [32mÔûÂ[39m /_astro/psicologa-mobile.BQ4eJVi__2fFRAP.webp [2m(reused cache entry)[22m [2m(+18ms)[22m [2m(4/24)[22m
[2m18:28:59[22m   [32mÔûÂ[39m /_astro/psicologa-desktop.DUJ9dd17_Zg4yw9.webp [2m(reused cache entry)[22m [2m(+35ms)[22m [2m(5/24)[22m
[2m18:28:59[22m   [32mÔûÂ[39m /_astro/advocacia-desktop.CHaw-XJs_Z1qztSt.webp [2m(reused cache entry)[22m [2m(+39ms)[22m [2m(6/24)[22m
[2m18:28:59[22m   [32mÔûÂ[39m /_astro/psicologa-mobile.BQ4eJVi__ZWOIUR.webp [2m(reused cache entry)[22m [2m(+46ms)[22m [2m(7/24)[22m
[2m18:28:59[22m   [32mÔûÂ[39m /_astro/advocacia-mobile.D7xHmKEd_Z1axAwA.webp [2m(reused cache entry)[22m [2m(+50ms)[22m [2m(8/24)[22m
[2m18:28:59[22m   [32mÔûÂ[39m /_astro/psicologa-mobile.BQ4eJVi__EkUkC.webp [2m(reused cache entry)[22m [2m(+17ms)[22m [2m(9/24)[22m
[2m18:28:59[22m   [32mÔûÂ[39m /_astro/psicologa-desktop.DUJ9dd17_2jugD0.webp [2m(reused cache entry)[22m [2m(+36ms)[22m [2m(10/24)[22m
[2m18:28:59[22m   [32mÔûÂ[39m /_astro/advocacia-desktop.CHaw-XJs_18YlgF.webp [2m(reused cache entry)[22m [2m(+30ms)[22m [2m(11/24)[22m
[2m18:28:59[22m   [32mÔûÂ[39m /_astro/advocacia-mobile.D7xHmKEd_1B4jgd.webp [2m(reused cache entry)[22m [2m(+19ms)[22m [2m(12/24)[22m
[2m18:28:59[22m   [32mÔûÂ[39m /_astro/professor-desktop.C7NXhkSp_Z1jtz2C.webp [2m(reused cache entry)[22m [2m(+54ms)[22m [2m(13/24)[22m
[2m18:28:59[22m   [32mÔûÂ[39m /_astro/nexus-desktop.De-YZ71e_Z1vfQ9I.webp [2m(reused cache entry)[22m [2m(+54ms)[22m [2m(14/24)[22m
[2m18:28:59[22m   [32mÔûÂ[39m /_astro/professor-mobile.DpRW-G0c_15fx8w.webp [2m(reused cache entry)[22m [2m(+66ms)[22m [2m(15/24)[22m
[2m18:28:59[22m   [32mÔûÂ[39m /_astro/nexus-mobile.F2KBQ3do_1GTOPd.webp [2m(reused cache entry)[22m [2m(+85ms)[22m [2m(16/24)[22m
[2m18:28:59[22m   [32mÔûÂ[39m /_astro/professor-desktop.C7NXhkSp_184sYU.webp [2m(reused cache entry)[22m [2m(+50ms)[22m [2m(17/24)[22m
[2m18:28:59[22m   [32mÔûÂ[39m /_astro/nexus-desktop.De-YZ71e_ZaIbT3.webp [2m(reused cache entry)[22m [2m(+63ms)[22m [2m(18/24)[22m
[2m18:28:59[22m   [32mÔûÂ[39m /_astro/professor-mobile.DpRW-G0c_Z1M8eGj.webp [2m(reused cache entry)[22m [2m(+52ms)[22m [2m(19/24)[22m
[2m18:28:59[22m   [32mÔûÂ[39m /_astro/nexus-mobile.F2KBQ3do_1QpbdM.webp [2m(reused cache entry)[22m [2m(+33ms)[22m [2m(20/24)[22m
[2m18:28:59[22m   [32mÔûÂ[39m /_astro/professor-desktop.C7NXhkSp_Z1mxODR.webp [2m(reused cache entry)[22m [2m(+39ms)[22m [2m(21/24)[22m
[2m18:28:59[22m   [32mÔûÂ[39m /_astro/professor-mobile.DpRW-G0c_YtF6u.webp [2m(reused cache entry)[22m [2m(+33ms)[22m [2m(22/24)[22m
[2m18:28:59[22m   [32mÔûÂ[39m /_astro/nexus-desktop.De-YZ71e_1bYBKf.webp [2m(reused cache entry)[22m [2m(+34ms)[22m [2m(23/24)[22m
[2m18:28:59[22m   [32mÔûÂ[39m /_astro/nexus-mobile.F2KBQ3do_Z1kBajV.webp [2m(reused cache entry)[22m [2m(+33ms)[22m [2m(24/24)[22m
[2m18:28:59[22m [32mÔ£ô Completed in 236ms.
[39m
[2m18:28:59[22m [34m[build][39m Rearranging server assets...
[2m18:29:01[22m [34m[@astrojs/vercel][39m Bundling function ..\..\..\..\dist\server\entry.mjs
[2m18:29:05[22m [34m[build][39m Waiting for integration [1m"@astrojs/vercel"[22m, hook [1m"astro:build:done"[22m...
[2m18:29:45[22m [34m[@astrojs/sitemap][39m `sitemap-index.xml` created at `dist\client`
[2m18:29:45[22m [34m[@astrojs/vercel][39m Copying static files to .vercel/output/static
[2m18:29:48[22m [34m[build][39m Server built in [1m190.03s[22m
[2m18:29:48[22m [34m[build][39m [1mComplete![22m
